season_id,player_name,team_name,pos_grp,pos_11,minutes_played,euro,ovaep_orig,dvaep_orig,vaep_orig,ovaep_atomic,dvaep_atomic,vaep_atomic,davies,x_goals_added
2020,Harry Kane,Tottenham,F,FWC,3312,120000000,16.7882997950147,-0.4792229977902025,16.3090767972245,30.68826643436487,1.853200006458792,32.54146644082366,8.62,12.21
2020,Mohamed Salah,Liverpool,F,FWR,3326,110000000,13.68684299227257,-0.300860152754467,13.385982839518103,29.08167412801063,0.6410214256029576,29.722695553613587,9.06,12.65
2020,Ollie Watkins,Aston Villa,F,FWC,3600,32000000,3.383497278555721,-0.3593275381717831,3.024169740383938,25.325616084621714,1.1799256181257078,26.505541702747422,6.57,10.16
2020,Dominic Calvert-Lewin,Everton,F,FWC,3089,45000000,5.786912955747917,-0.5356475038570352,5.251265451890882,25.04115774357016,1.372368647775147,26.413526391345307,5.9,9.49
2020,Patrick Bamford,Leeds,F,FWC,3247,18000000,5.269888321808033,-0.6140761906281114,4.655812131179921,24.09100905677486,1.2533095189573942,25.344318575732252,6.99,10.57
2020,Sadio Mane,Liverpool,F,FWL,3052,100000000,5.626596810406074,-0.5628743467386812,5.063722463667393,23.749213343727053,0.6478116976359161,24.39702504136297,8.64,12.23
2020,Bruno Fernandes,Man Utd,F,FWC,3314,90000000,15.355133964098785,-1.2672551457071677,14.087878818391617,22.790168253181765,1.1958788258198183,23.986047079001583,6.13,10.07
2020,Son Heung-Min,Tottenham,F,FWL,3326,85000000,13.076146619170652,-0.33011097845155746,12.746035640719095,22.423664611642344,1.246955390990479,23.670620002632823,5.48,8.53
2020,Tomas Soucek,West Ham,M,MC,3673,40000000,6.370140609971713,-0.44830114988144487,5.921839460090268,18.572530576682766,4.215127628369373,22.78765820505214,5.04,7.1
2020,Roberto Firmino,Liverpool,F,FWC,3032,55000000,3.4494437871552073,-0.07352263893699273,3.3759211482182145,20.90876469575672,1.537958622298902,22.44672331805562,6.32,9.91
2020,Chris Wood,Burnley,F,FWC,2911,8000000,1.2837936845062823,-0.2666274389484897,1.0171662455577926,21.02820148872347,0.9972224874945823,22.025423976218054,3.51,7.1
2020,Christian Benteke,Crystal Palace,F,FWC,1973,9000000,1.9091619153041393,-0.611250012065284,1.2979119032388553,17.066764710543794,2.369067225881736,19.43583193642553,1.4,5.22
2020,Sam Johnstone,West Brom,G,GK,3579,6000000,4.936616607767064,3.6744963948149234,8.611113002581988,1.7473778074345319,17.687782298686216,19.435160106120748,,
2020,Aaron Ramsdale,Sheff Utd,G,GK,3686,12000000,4.8471073472173885,2.8125231089652516,7.65963045618264,1.4611097835440887,17.887071526347427,19.348181309891515,,
2020,Raheem Sterling,Man City,F,FWL,2706,100000000,4.429128641351804,-0.2869757044245489,4.142152936927255,18.72278015899249,0.5033427828748245,19.226122941867313,7.04,10.1
2020,Marcus Rashford,Man Utd,F,FWL,3124,85000000,9.014091038083658,-0.387050868361257,8.6270401697224,18.325671243245246,0.8536608126451029,19.17933205589035,6.07,9.65
2020,Emiliano Martinez,Aston Villa,G,GK,3700,25000000,4.207459515891969,4.103483745013364,8.310943260905333,1.6753405736817513,16.97447443267447,18.64981500635622,,
2020,Jamie Vardy,Leicester,F,FWC,3031,10000000,2.568544118885465,-0.17106451495783404,2.397479603927631,17.240156470596258,1.27919413636846,18.519350606964718,6.05,9.87
2020,Illan Meslier,Leeds,G,GK,3385,17000000,2.421311965677887,2.912298916839063,5.33361088251695,1.2384144741954515,17.089497294349712,18.327911768545164,,
2020,Vicente Guaita,Crystal Palace,G,GK,3573,3000000,3.4165371503913775,3.299584142223466,6.716121292614844,1.2808081593248062,16.827417558291927,18.108225717616733,,
2020,Michail Antonio,West Ham,F,FWC,2076,12000000,3.6356200913432986,-0.4561634609126486,3.17945663043065,17.573042547883233,0.4637958127714228,18.036838360654656,3.14,6.97
2020,Stuart Dallas,Leeds,M,MC,3657,3000000,10.778082634153776,-0.07946854463079944,10.698614089522977,14.449847920789267,3.535783262937912,17.98563118372718,3.17,6.79
2020,Alphonse Areola,Fulham,G,GK,3487,15000000,2.443869646638632,2.9379142698599026,5.381783916498534,1.0111975495528895,16.476071739118197,17.487269288671087,,
2020,Richarlison,Everton,F,FWC,3054,60000000,2.4921167398879565,-0.11795858305413276,2.3741581568338237,15.344351984722403,1.907870275186724,17.25222225990913,4.7,8.29
2020,Ilkay Gundogan,Man City,M,MC,2173,40000000,10.85838074417222,0.2467405921779573,11.105121336350177,15.903082461107598,1.1986345104523934,17.10171697155999,4.61,7.17
2020,Che Adams,Southampton,F,FWC,2843,18000000,5.9678549591917545,-0.33139595738612115,5.636459001805633,15.654919657332357,1.0686844048905186,16.723604062222876,3.07,6.66
2020,Wilfried Zaha,Crystal Palace,F,FWC,2810,45000000,8.301193726191256,-0.44302754901582375,7.858166177175432,15.673225059683743,0.7270771914190846,16.40030225110283,3.37,6.42
2020,Jack Grealish,Aston Villa,F,FWL,2361,60000000,13.418590588529595,-0.10081257572164759,13.317778012807947,15.105522057978204,1.2875592273194343,16.393081285297637,5.8,9.73
2020,Danny Ings,Southampton,F,FWC,2318,22000000,5.632894607846584,-0.9634243878535926,4.669470219992991,16.04710416325911,0.33287610186380334,16.379980265122914,1.53,5.12
2020,Alexandre Lacazette,Arsenal,F,FWC,2066,35000000,4.9427128058506025,-0.2581479193759151,4.684564886474687,15.581010964864687,0.5123821421148023,16.09339310697949,2.11,5.7
2020,Matheus Pereira,West Brom,F,FWC,2822,13000000,10.270098324828234,-0.313299446424935,9.9567988784033,14.520328798527283,1.397796382312663,15.918125180839946,2.25,6.19
2020,Hugo Lloris,Tottenham,G,GK,3686,9000000,2.953441084478982,3.2864790313178673,6.239920115796849,1.2183523315907223,14.665387172528426,15.883739504119148,,
2020,Harvey Barnes,Leicester,F,FWL,2119,35000000,9.065868275531102,-0.08499333634972572,8.980874939181376,14.876095049170544,0.9948834722745232,15.870978521445068,2.25,5.3
2020,James Tarkowski,Burnley,D,DC,3470,25000000,1.827577635529451,0.4744535434874706,2.3020311790169217,7.150183880046825,8.585560436025844,15.735744316072669,2.49,4.98
2020,Mason Mount,Chelsea,M,MC,3095,60000000,8.309159592694815,-0.3365618044626899,7.972597788232125,14.031566242496812,1.6075324500561692,15.639098692552981,5.76,9.38
2020,Kasper Schmeichel,Leicester,G,GK,3667,8000000,2.9463010068284348,2.0937246395042166,5.040025646332651,1.2674098487041192,14.322157002228778,15.589566850932897,,
2020,Kelechi Iheanacho,Leicester,F,FWC,1569,15000000,6.9541384484895765,-1.0662911013932899,5.887847347096287,15.89978865203597,-0.3438087608956266,15.555979891140343,0.92,4.51
2020,Raphinha,Leeds,M,MR,2539,25000000,9.907479016971308,-0.897610115527641,9.009868901443667,14.047573298334726,1.3703792549058562,15.417952553240582,,
2020,Timo Werner,Chelsea,F,FWC,2775,65000000,1.4830599261880852,-0.3883407062385231,1.0947192199495621,14.522327930634143,0.551346172898775,15.073674103532918,7.77,11.36
2020,Nick Pope,Burnley,G,GK,3081,15000000,4.857333766005468,2.4354749968042597,7.292808762809727,1.4428976927010808,13.621512211844674,15.064409904545755,,
2020,Jack Harrison,Leeds,M,ML,3028,15000000,8.845549404439051,0.0646919523132965,8.910241356752348,13.182957397620893,1.8595811507402686,15.042538548361161,3.73,7.67
2020,Lukasz Fabianski,West Ham,G,GK,3385,1500000,3.639913090853952,2.9400373398093507,6.5799504306633025,1.4294854441250209,13.550380716071231,14.979866160196252,,
2020,Lewis Dunk,Brighton,D,DC,3190,25000000,7.874905705568381,0.49269709031796083,8.367602795886341,10.275284498013207,4.613036240931251,14.888320738944458,3.13,5.62
2020,David McGoldrick,Sheff Utd,F,FWC,2577,2000000,3.8245501830242574,-0.6378106987685896,3.1867394842556678,13.779897355605499,0.9837694320012815,14.76366678760678,0.78,4.6
2020,Jarrod Bowen,West Ham,F,FWR,2693,30000000,5.562321835063398,-0.10997971589677036,5.4523421191666275,13.659805206767983,1.0013062249927316,14.661111431760714,2.48,5.53
2020,Callum Wilson,Newcastle,F,FWC,2252,25000000,4.282819377786398,-0.2599580531241372,4.02286132466226,13.469782785967725,1.0404127065557986,14.510195492523524,2.68,6.27
2020,Harry Maguire,Man Utd,D,DC,3284,40000000,5.099494608468376,1.1136994525440969,6.213194061012473,9.19049388820713,5.313324493166874,14.503818381374003,3.3,6.32
2020,Luke Ayling,Leeds,D,DR,3647,5000000,7.918561436061282,-0.2423370749456808,7.676224361115601,7.642937764292583,6.78452319499047,14.427460959283053,6.61,9.47
2020,James Maddison,Leicester,F,FWC,2236,60000000,8.472920499429572,-0.346850844216533,8.126069655213039,13.79066905474651,0.5967223297921009,14.387391384538613,2.1,6.03
2020,Youri Tielemans,Leicester,M,MC,3593,55000000,6.72052900763923,0.11560883559286594,6.836137843232096,11.157391382658929,3.0243849021935603,14.18177628485249,2.87,6
2020,Riyad Mahrez,Man City,F,FWR,2065,42000000,10.3017874731794,-0.12277257587993518,10.179014897299465,13.481134445440956,0.5877149649313651,14.068849410372321,2.45,6.42
2020,Gabriel Jesus,Man City,F,FWC,2210,60000000,4.293589806054719,-0.9807216734625399,3.312868132592179,14.254107622096548,-0.21234089134668466,14.041766730749863,2.79,6.38
2020,James Ward-Prowse,Southampton,M,MC,3687,28000000,9.154296865851537,-0.017855037178378552,9.136441828673158,10.557772440025618,3.4311879274609964,13.988960367486614,3.65,5.71
2020,Alisson,Liverpool,G,GK,3224,65000000,3.1925654974184,2.6523077345918864,5.844873232010286,1.9804695515776984,12.007104318545316,13.987573870123015,,
2020,Ben Mee,Burnley,D,DC,2878,7000000,2.132308116008062,0.871951300650835,3.004259416658897,5.237346124078613,8.65090669588244,13.888252819961053,1.04,3.67
2020,Pierre-Emerick Aubameyang,Arsenal,F,FWC,2576,35000000,5.541178682124201,-1.0838285903446376,4.457350091779563,13.55130146936067,0.2142437084694393,13.76554517783011,1.87,5.7
2020,Nicolas Pepe,Arsenal,F,FWR,1797,38000000,6.370462081066545,-0.2841799012385309,6.0862821798280144,12.914358813525507,0.7634046605235199,13.677763474049026,0.76,4.34
2020,Rui Patricio,Wolves,G,GK,3607,10000000,2.1979494176921435,2.3806520416401327,4.578601459332276,0.9279823847318767,12.732161404783255,13.660143789515132,,
2020,Leandro Trossard,Brighton,F,FWC,2776,15000000,7.358715350803454,-0.42484922270523384,6.93386612809822,12.796145359074348,0.7206091998232296,13.516754558897578,2.18,6.11
2020,Diogo Jota,Liverpool,F,FWL,1202,40000000,6.612089654954616,-0.18382179498439655,6.428267859970219,13.061697641402134,0.4142325173015706,13.475930158703704,1.38,4.97
2020,Jannik Vestergaard,Southampton,D,DC,2861,18000000,6.100007609347813,0.4289649583515711,6.528972567699384,8.077922057476826,5.286074427160202,13.363996484637028,3.02,6.04
2020,Gareth Bale,Tottenham,F,FWR,993,20000000,9.509982046396006,-0.2500756409717724,9.259906405424234,12.529427489980124,0.778238864193554,13.307666354173678,-0.16,3.51
2020,Trent Alexander-Arnold,Liverpool,D,DR,3282,100000000,13.187671599273104,-0.8069119868450798,12.380759612428024,9.85935853941564,3.364220197647228,13.223578737062867,7.46,10.2
2020,Bertrand Traore,Aston Villa,F,FWR,2458,16000000,6.383362553643995,-0.2246048937086016,6.158757659935393,12.287199864259922,0.8433634520333726,13.130563316293294,2.32,5.37
2020,Kevin De Bruyne,Man City,F,FWC,2116,100000000,7.1386879469921665,-0.4018845325917937,6.736803414400373,12.081453692733948,0.9150318587489892,12.996485551482937,5.56,9.5
2020,Tyrone Mings,Aston Villa,D,DC,3506,27000000,4.329036753042601,-0.5058023195597343,3.8232344334828667,6.067480356519809,6.665180382071412,12.732660738591221,3.09,5.58
2020,Kyle Bartley,West Brom,D,DC,2777,2800000,3.3844530656933784,-0.4565727626904845,2.927880303002894,6.342605110141449,6.3860467043705285,12.728651814511977,0.42,2.91
2020,Bukayo Saka,Arsenal,F,FWR,2729,60000000,3.743575274913572,-1.2298837425769307,2.513691532336641,11.951164544849425,0.7558304475678597,12.706994992417284,4.41,7.4
2020,Karl Darlow,Newcastle,G,GK,2432,3000000,2.704343313118443,2.02758123568492,4.731924548803363,0.9943172546772985,11.701054799108533,12.695372053785832,,
2020,Neal Maupay,Brighton,F,FWC,2680,20000000,-1.0217300488074197,-0.767979328695219,-1.7897093775026387,12.245879892369068,0.2566971211490454,12.502577013518113,3.7,7.29
2020,Michael Keane,Everton,D,DC,3235,28000000,5.999047105840873,-0.060680367751047015,5.938366738089826,6.304636362532619,6.1389256951224525,12.443562057655072,2.87,5.35
2020,Bernd Leno,Arsenal,G,GK,3389,25000000,2.3123427673708647,2.4376670927158557,4.75000986008672,1.1407288997579599,11.284657962314668,12.425386862072628,,
2020,John McGinn,Aston Villa,M,MC,3604,28000000,5.697964028238319,0.4496606132015586,6.147624641439878,9.064923530605855,3.3098411453393055,12.37476467594516,2.77,5.9
2020,Jordan Pickford,Everton,G,GK,2961,22000000,3.9557977459044196,2.112444738333579,6.068242484237999,1.371051216192427,10.833331141024246,12.204382357216673,,
2020,Pablo Fornals,West Ham,F,FWL,2728,18000000,5.034975313575007,0.29609910846920684,5.331074422044214,10.619671749293804,1.5442708865884924,12.163942635882297,0.99,4.93
2020,Semi Ajayi,West Brom,D,DC,3057,5000000,3.0270363864838146,-1.0363659575814381,1.9906704289023764,5.492045098988456,6.642137999646366,12.134183098634821,1.38,3.86
2020,Anwar El Ghazi,Aston Villa,F,FWL,1744,10000000,5.034986601673916,0.036724171426612884,5.071710773100529,11.020999520912335,0.8874790365080116,11.908478557420347,0.74,4.32
2020,Ezri Konsa Ngoyo,Aston Villa,D,DC,3463,18000000,1.984990525932517,0.13073012075619772,2.1157206466887146,5.045701238501351,6.853085623471998,11.898786861973349,0.57,3.05
2020,Alex McCarthy,Southampton,G,GK,2910,6000000,2.3482340541668236,2.1992670571780764,4.5475011113449,1.0393884640652686,10.855803784710588,11.895192248775857,,
2020,Jesse Lingard,West Ham,F,FWC,1516,15000000,7.819026668468915,-0.003925933502614498,7.8151007349663,11.22270241181851,0.6648296380735701,11.88753204989208,0.41,4.35
2020,Stuart Armstrong,Southampton,M,MR,2948,6500000,5.851256026064977,-0.3387101771659218,5.512545848899055,10.521857922642841,1.3654796069604345,11.887337529603275,1.82,4.95
2020,Phil Foden,Man City,F,FWL,1728,70000000,5.16923272878956,-0.10389175597811118,5.065340972811449,11.231113848524169,0.5835918264783686,11.814705675002537,2.75,5.74
2020,Ruben Neves,Wolves,M,MC,2880,50000000,6.027346367458518,0.8330216487520374,6.860368016210556,7.935719622057219,3.8662230749614537,11.801942697018672,2.27,4.33
2020,Mason Greenwood,Man Utd,F,FWR,1943,50000000,4.201481267505791,1.6228790627792478e-4,4.201643555412069,11.199594130697427,0.5070758270012448,11.706669957698672,2.3,5.29
2020,Edinson Cavani,Man Utd,F,FWC,1509,7000000,4.872561440104619,-0.37312485120492056,4.499436588899698,11.323516392934835,0.3583844249515096,11.681900817886344,0.67,4.5
2020,Kurt Zouma,Chelsea,D,DC,2184,32000000,6.782149163307622,0.7498866434907541,7.532035806798376,8.376186046181829,3.217989579352434,11.594175625534263,1.06,4.08
2020,Ademola Lookman,Fulham,F,FWL,2919,13000000,3.3614420779531153,-0.49879992922069505,2.8626421487324203,10.527188349141369,1.0389696633938001,11.566158012535169,3.91,6.97
2020,Rodrigo,Leeds,M,MC,1379,20000000,4.719801070634276,-0.9263006687979214,3.7935004018363543,11.578729804256,-0.08414979779627174,11.494580006459728,0.21,4.18
2020,Adam Webster,Brighton,D,DC,2790,15000000,4.0533156178426,0.4200899165007286,4.473405534343328,6.881632165925112,4.604536212660605,11.486168378585717,2.46,5.47
2020,Rodrigo,Man City,M,MC,2932,20000000,4.136454196150627,1.3606490775709972,5.497103273721624,8.061343822714154,3.3552260249271058,11.41656984764126,0.21,4.18
2020,Scott McTominay,Man Utd,M,MC,2305,30000000,5.385992428171448,0.204315249575302,5.59030767774675,8.732053089319379,2.6441610818728805,11.37621417119226,1.6,3.66
2020,Ashley Westwood,Burnley,M,MC,3647,5000000,13.23787121323496,0.4290752910892479,13.666946504324208,8.201514239714946,2.9104682026663795,11.111982442381326,2.2,4.75
2020,Pierre-Emile Hojbjerg,Tottenham,M,MC,3686,35000000,6.872092984674964,0.11817562731448561,6.99026861198945,7.802379628759809,3.2739950531104114,11.07637468187022,3.51,5.57
2020,Adama Traore,Wolves,F,FWC,2891,35000000,5.700507491012104,-0.7779820324503817,4.922525458561722,9.934582167799817,1.1017602110368898,11.036342378836707,4.92,7.97
2020,Pedro Neto,Wolves,F,FWC,2740,35000000,7.047684002406895,-0.3416271524038166,6.706056850003079,9.679385633892961,1.2918622512952425,10.971247885188204,4.06,7.06
2020,Vladimir Coufal,West Ham,D,DR,3279,10000000,7.549717037705705,0.2696744736749679,7.8193915113806725,5.102581343278871,5.675244614234543,10.777825957513414,2.97,5.83
2020,Liam Cooper,Leeds,D,DC,2402,7000000,3.05842295603361,0.5615813072072342,3.620004263240844,5.079503262662911,5.692270386440214,10.771773649103125,1.93,4.42
2020,Matt Targett,Aston Villa,D,DL,3681,17000000,8.78452899826318,-0.4143300889409147,8.370198909322266,5.446751227687695,5.177958884945838,10.624710112633533,3.87,6.73
2020,Christian Pulisic,Chelsea,F,FWC,1877,50000000,1.4287637610654347,-0.24494762817630544,1.1838161328891292,9.775471070021391,0.8206771600380307,10.596148230059422,2.02,5.01
2020,Miguel Almiron,Newcastle,M,MC,2604,16000000,4.106552070048638,0.42775951023213565,4.534311580280773,7.872424158309586,2.679253574286122,10.551677732595708,0.96,4.02
2020,John Stones,Man City,D,DC,2111,30000000,6.149179552681744,0.6011538983439095,6.750333451025654,7.8862771147396415,2.5388107868639054,10.425087901603547,1.04,4.06
2020,Jan Bednarek,Southampton,D,DC,3344,25000000,4.081915345159359,-0.8918912305962294,3.19002411456313,4.371052533460897,6.010962777523673,10.38201531098457,1.85,4.33
2020,James Rodriguez,Everton,F,FWR,1865,30000000,8.033953544261866,-0.0944953354774043,7.939458208784461,9.44932833635551,0.7664440513326554,10.215772387688165,2.23,5.36
2020,Joseph Willock,Newcastle,M,MC,1066,16000000,6.767479673233561,-0.38093815016327426,6.386541523070287,9.653304126188255,0.4846510877250694,10.137955213913324,-0.04,2.95
2020,Matthew Lowton,Burnley,D,DR,3275,3000000,7.968235319945961,-0.056264434999320656,7.911970884946641,5.280039698656765,4.857892443047604,10.137932141704368,2.61,4.9
2020,Ederson,Man City,G,GK,3452,56000000,2.8035638517467305,2.0979264031047933,4.901490254851524,1.0906265547673684,8.980680459382711,10.07130701415008,,
2020,Joao Cancelo,Man City,D,DR,2536,50000000,7.337069721659645,-0.1335959149291739,7.2034738067304716,7.707209493150003,2.335263276443584,10.042472769593587,3.08,6.5
2020,Conor Coady,Wolves,D,DC,3583,22000000,4.4915232515195385,1.0298950959113427,5.521418347430881,3.487363177118823,6.514635925312177,10.001999102431,2.67,5.16
2020,Tosin Adarabioyo,Fulham,D,DC,3172,10000000,2.6763842624495737,-0.6686769667430781,2.0077072957064956,3.692588172707474,6.241843020339729,9.934431193047203,2.31,4.8
2020,Joelinton,Newcastle,F,FWC,2154,17000000,0.6979626454722397,-0.2989686497603543,0.39899399571188543,8.233778807656586,1.6533977737271925,9.887176581383779,1.18,4.77
2020,Eberechi Eze,Crystal Palace,M,ML,2730,20000000,5.684796457963064,-0.35982676479034126,5.324969693172723,8.257864697383601,1.622891538296244,9.880756235679845,1.63,4.62
2020,Declan Rice,West Ham,M,MC,3083,60000000,4.316071195880841,0.6128990203724243,4.928970216253266,6.7649118259760606,3.0809117096214322,9.845823535597493,2.51,4.51
2020,Paul Pogba,Man Utd,M,MC,2053,60000000,2.5980179202742875,-1.2044470878317952,1.3935708324424922,9.19039719257853,0.5722894410864683,9.762686633664998,2.05,5.18
2020,Romain Saiss,Wolves,D,DC,2610,10000000,5.2822470854735,-0.6196934042382054,4.662553681235295,6.281029553181725,3.416940790368244,9.697970343549969,2.74,5.49
2020,Anthony Martial,Man Utd,F,FWC,1645,50000000,-0.1292604039190337,-0.2316801543929614,-0.3609405583119951,9.35044268515776,0.3315568239922868,9.681999509150046,3.26,6.85
2020,Kai Havertz,Chelsea,F,FWC,1625,70000000,1.4013862707652152,-0.3282906542881392,1.073095616477076,8.900669323120383,0.7672071459819563,9.667876469102339,1.9,4.9
2020,Darnell Furlong,West Brom,D,DR,3160,4500000,4.633122610801365,-2.790544644696638,1.8425779661047272,6.601821740492596,3.064305946158129,9.666127686650725,1.17,4.03
2020,John Egan,Sheff Utd,D,DC,2920,10000000,1.5573624393437058,0.45130385633092374,2.0086662956746295,2.473990853250143,7.136652487955871,9.610643341206014,1.03,3.51
2020,Aaron Wan-Bissaka,Man Utd,D,DR,3301,40000000,6.68734361132374,-0.13414667500182986,6.5531969363219105,4.731038967089262,4.787641065777279,9.518680032866541,2.15,5.57
2020,Ferran Torres,Man City,F,FWR,1389,50000000,4.3400236348612236,-0.09287177136866376,4.24715186349256,9.12452475450898,0.3766787253844086,9.50120347989339,1.1,4.1
2020,Mateusz Klich,Leeds,M,MC,2552,3500000,4.295325052109506,-0.004125043458770961,4.291200008650735,7.880489148839802,1.5503511683200486,9.43084031715985,1.85,4.41
2020,Gabriel Magalhaes,Arsenal,D,DC,2192,25000000,3.464354358089622,-0.19188200175995007,3.272472356329672,5.301844229368726,4.128400825691642,9.430245055060368,,
2020,Abdoulaye Doucoure,Everton,M,MC,2622,25000000,3.0404953436776996,0.818482092639897,3.8589774363175966,6.096902801346383,3.3103287429112243,9.407231544257607,1.35,3.41
2020,Gylfi Sigurdsson,Everton,F,FWC,2430,15000000,3.3922884402427935,0.1408781172358431,3.5331665574786366,7.8202087679538295,1.5342754170414992,9.354484184995329,1.3,3.86
2020,Angelo Ogbonna,West Ham,D,DC,2667,3000000,4.037819153279997,0.41052737092832103,4.4483465242083184,5.254286546638468,4.092307556085871,9.346594102724339,0.42,3.05
2020,Danny Welbeck,Brighton,F,FWC,1642,5000000,2.2533125887585133,-0.09134494344471022,2.161967645313803,8.883568595107159,0.4129422646801686,9.296510859787327,1.25,5.07
2020,Ruben Dias,Man City,D,DC,3022,70000000,6.048426495573949,-1.277502651733812,4.770923843840137,7.00284752160951,2.262465242893086,9.265312764502596,3.31,6.33
2020,Thiago Silva,Chelsea,D,DC,2147,3500000,5.871618588862475,0.5286466315155849,6.40026522037806,6.185978724097367,3.0205237605405273,9.206502484637895,3.09,4.8
2020,Nelson Semedo,Wolves,M,MR,3211,32000000,4.406068926664069,-1.9172300368081778,2.4888388898558915,6.406063911695732,2.6009659381816164,9.007029849877348,2.2,5.62
2020,Fred,Man Utd,M,MC,2554,22000000,4.962905535008758,0.5457742970902473,5.508679832099006,6.266579618299147,2.690694087665179,8.957273705964326,2.26,4.32
2020,Ben White,Brighton,D,DC,3420,25000000,4.3050086399307474,0.3376874490058981,4.6426960889366455,3.9068063357117353,5.0225028025888605,8.929309138300596,1.13,4.15
2020,Andre-Frank Zambo Anguissa,Fulham,M,MC,2782,25000000,2.005142728041392,-0.09706147311953828,1.9080812549218535,6.390042246188386,2.495093475212343,8.88513572140073,1.87,5
2020,Georginio Wijnaldum,Liverpool,M,MC,3160,35000000,2.501654488092754,0.5250376787735149,3.026692166866269,7.347693844887544,1.5344406221265672,8.882134467014112,1.28,3.84
2020,Jonjo Shelvey,Newcastle,M,MC,2848,13000000,4.3484619605187325,-0.14153878018260002,4.206923180336132,5.6788067864144685,3.175462621540646,8.854269407955115,2.2,4.26
2020,Rob Holding,Arsenal,D,DC,2751,16000000,2.5546138724894263,-0.13003255048533902,2.4245813220040873,3.460128400110989,5.313308295153547,8.773436695264536,0.95,3.96
2020,Ola Aina,Fulham,D,DC,2850,7000000,5.856140919902828,-0.521127462212462,5.335013457690366,5.112458456627792,3.647070600723964,8.759529057351756,2.08,4.94
2020,Granit Xhaka,Arsenal,M,MC,2748,22000000,6.5229246082599275,0.45165036676917225,6.9745749750291,6.4018668353091925,2.3521904636727413,8.754057298981934,2.03,4.09
2020,Cheikhou Kouyate,Crystal Palace,D,DC,3351,8000000,1.9922225030022673,0.7463862427393906,2.738608745741658,3.291671614642837,5.422721785347676,8.714393399990513,0.43,3.06
2020,Robert Sanchez,Brighton,G,GK,2598,5000000,2.5930606202455238,1.0202177669852972,3.613278387230821,1.0318146620265907,7.646092839044286,8.677907501070877,,
2020,Joachim Andersen,Fulham,D,DC,2970,15000000,4.418796890997328,-0.5215694667422213,3.8972274242551066,4.300201711404952,4.299859263410326,8.600060974815278,2.61,5.1
2020,Yves Bissouma,Brighton,M,MC,3340,17000000,3.8962106134858914,1.2203441410674714,5.116554754553363,5.087944576123846,3.5119585132051725,8.599903089329018,1.52,3.58
2020,Tanguy Ndombele,Tottenham,F,FWC,2220,50000000,4.684209525294136,0.015909018577076495,4.700118543871213,7.00898831806262,1.581502761284355,8.590491079346975,0.97,4.1
2020,Toby Alderweireld,Tottenham,D,DC,2405,15000000,3.9111837584059685,-0.9044601824716665,3.006723575934302,3.5049171459540958,5.068100270538707,8.573017416492803,0.37,3
2020,Bernardo Silva,Man City,M,MC,2203,70000000,3.2838205232946205,0.13565274816937745,3.419473271463998,7.614938983122469,0.8530214526836062,8.467960435806075,2.15,5.21
2020,Callum Robinson,West Brom,F,FWC,1651,6000000,3.978073074715212,0.011679026472847909,3.98975210118806,7.5806984441005625,0.8287907325138804,8.409489176614443,-0.31,3.28
2020,Tammy Abraham,Chelsea,F,FWC,1137,40000000,1.2491464507183991,-0.36087926459731534,0.8882671861210838,8.147529598078108,0.23363518090627622,8.381164778984385,0.28,3.87
2020,Dwight McNeil,Burnley,M,ML,3274,22000000,7.548734718113672,-0.2889839070267044,7.259750811086968,6.010065255477792,2.3270302885357523,8.337095544013545,1.39,5.01
2020,Kalvin Phillips,Leeds,M,MC,2612,27000000,4.696548119758256,0.6224088576273061,5.318956977385562,3.7856314763809786,4.503577133655199,8.289208610036178,1.67,3.73
2020,Enda Stevens,Sheff Utd,M,ML,2910,4000000,3.7908026016666554,0.24690881359856576,4.037711415265221,3.731049418391194,4.554923844858422,8.285973263249616,2.08,4.37
2020,Josh Brownhill,Burnley,M,MC,3011,7000000,1.0802583549520932,0.6750398863223381,1.7552982412744313,4.8341893057804555,3.3925722368148854,8.22676154259534,-0.36,2.77
2020,Eric Dier,Tottenham,D,DC,2717,25000000,3.5779746175394394,-0.007379796064924449,3.570594821474515,3.138252234173706,5.057678068638779,8.195930302812485,1.86,4.35
2020,Ben Godfrey,Everton,D,DC,2903,25000000,1.99313375656493,-1.1888191352481954,0.8043146213167347,2.8141990599251585,5.335868448208203,8.150067508133361,0.67,3.16
2020,Conor Gallagher,West Brom,M,MC,2712,12000000,2.088940362707246,0.3234137781546451,2.412354140861891,5.509249742433196,2.629703836297267,8.138953578730463,0.34,2.98
2020,Pascal Struijk,Leeds,D,DC,2225,7000000,1.2307358246762305,-0.08765886013861746,1.143076964537613,3.506727919142577,4.575427369680256,8.082155288822833,1.8,3.86
2020,Chris Basham,Sheff Utd,D,DC,2756,3000000,1.6536310373921879,0.14072366681648418,1.794354704208672,3.042981988401152,5.026124314463232,8.069106302864384,1.65,3.94
2020,Thiago,Liverpool,M,MC,1989,35000000,5.792602321424056,0.25122245895909145,6.043824780383147,7.104584890257684,0.9229816278675571,8.02756651812524,1.38,3.94
2020,Kyle Walker-Peters,Southampton,D,DR,2834,18000000,3.4218179351300932,-0.8249662980088033,2.59685163712129,4.723321939134621,3.2517047845758498,7.975026723710471,2,5.42
2020,Fabio Silva,Wolves,F,FWC,1533,25000000,-1.2907433359923512,-0.3043988833669573,-1.5951422193593086,7.5714409132069935,0.3887042400165228,7.960145153223516,1.2,3.43
2020,Ashley Barnes,Burnley,F,FWC,1419,5000000,-0.5577126167754382,-0.21108906320296228,-0.7688016799784004,7.324503473866594,0.6318515805032803,7.956355054369874,-0.98,2.84
2020,Ezgjan Alioski,Leeds,D,DL,2645,4000000,6.033517116622534,-0.716129825101234,5.3173872915213,5.785553100184188,2.029279366543051,7.814832466727239,1.84,5.26
2020,Craig Dawson,West Ham,D,DC,2130,5000000,2.9187287127715535,-1.0405411264509894,1.8781875863205642,5.066148021243862,2.7439396319387015,7.810087653182563,-0.41,2.22
2020,Aaron Cresswell,West Ham,D,DL,3395,6000000,9.526040182747412,0.1409134982386604,9.666953680986072,3.1756088658950756,4.623947594140191,7.799556460035267,4.03,6.32
2020,James Justin,Leicester,D,DL,2220,17000000,4.60114085971145,-0.1508502853102982,4.450290574401151,4.938180706638377,2.8362286992487498,7.774409405887127,1.2,4.63
2020,Lucas Digne,Everton,D,DL,2917,35000000,5.539481643734965,0.049789386393968016,5.589271030128933,3.4854631178334823,4.282505376264453,7.767968494097935,2.37,5.23
2020,Douglas Luiz,Aston Villa,M,MC,2985,35000000,2.8218143982780166,-0.19031155243283138,2.6315028458451852,4.568738451689947,3.164037976966938,7.732776428656885,1.88,3.93
2020,Jonny Evans,Leicester,D,DC,2673,7000000,4.884043093188666,-0.012625748000573367,4.871417345188092,4.547197099949699,3.1622169830661733,7.709414083015872,1.63,4.26
2020,Gary Cahill,Crystal Palace,D,DC,1924,2000000,1.8783876353409141,0.06363179080653936,1.9420194261474535,3.1699099074467085,4.5192803910176735,7.689190298464382,-1.13,2.09
2020,Leander Dendoncker,Wolves,M,MC,2722,32000000,-0.4759867002721876,-0.5922833626391366,-1.0682700629113242,4.732421239852556,2.9461498738091905,7.6785711136617465,1.55,3.6
2020,Jordan Henderson,Liverpool,M,MC,1832,22000000,5.561084210691508,0.6341167201753706,6.1952009308668785,5.588061253795633,1.9855698991450481,7.573631152940681,2.18,4.08
2020,Yerry Mina,Everton,D,DC,2093,20000000,3.321576711256057,0.506089462316595,3.827666173572652,4.114771690801717,3.45393230386253,7.568703994664247,0.76,3.25
2020,Jamaal Lascelles,Newcastle,D,DC,1747,13000000,2.1316725210053846,0.5633206321508624,2.694993153156247,3.3146875109669054,4.221262176215532,7.535949687182438,-0.87,1.62
2020,Jeffrey Schlupp,Crystal Palace,M,ML,1514,9000000,1.754911172145512,0.039616785070393234,1.7945279572159052,5.427464979235083,2.1045643897814443,7.532029369016527,-0.5,2.56
2020,Ben Chilwell,Chelsea,D,DL,2438,50000000,4.478117823903915,-0.7562460242770612,3.7218717996268533,5.48369581988419,2.0435851150832605,7.52728093496745,1.57,4.99
2020,Cesar Azpilicueta,Chelsea,D,DC,2338,17000000,4.659191980434116,0.2701945620938204,4.929386542527936,4.8035116428509355,2.713486489286879,7.5169981321378145,2.55,4.85
2020,David de Gea,Man Utd,G,GK,2476,22000000,1.2910029495833442,1.195715119712986,2.48671806929633,0.6017236560583115,6.911180217080982,7.512903873139294,,
2020,Victor Lindelof,Man Utd,D,DC,2790,24000000,5.917777846509125,0.4476567267556675,6.365434573264793,4.162353509062086,3.30682408544817,7.469177594510256,1.57,4.59
2020,Timothy Castagne,Leicester,D,DR,2510,24000000,4.078348094364628,-0.17679686308838427,3.901551231276244,4.591905032153591,2.8579490741103655,7.449854106263956,0.53,3.95
2020,Wesley Fofana,Leicester,D,DC,2428,30000000,2.703009149816353,-0.3157447709236294,2.3872643788927235,3.531360897133709,3.8452141774760094,7.376575074609718,2.33,4.85
2020,Matej Vydra,Burnley,F,FWC,1467,3000000,-0.4488127027871087,-0.22822023107437417,-0.6770329338614829,7.068492464284645,0.3001185128086945,7.36861097709334,0.22,3.81
2020,Oliver McBurnie,Sheff Utd,F,FWC,1434,12000000,-1.1305455649271607,-0.41463609505444765,-1.5451816599816084,6.211827802777407,1.067810662338161,7.279638465115568,-0.62,2.97
2020,Ayoze Perez,Leicester,F,FWC,1431,18000000,2.4640215957057663,-0.08817051438381895,2.3758510813219473,6.612823757315404,0.6582859785994515,7.271109735914855,-0.11,2.94
2020,Edouard Mendy,Chelsea,G,GK,2943,25000000,1.7256005330127664,1.050626966112759,2.7762274991255254,0.8001735453581205,6.4439350806496805,7.244108626007801,,
2020,Ross Barkley,Aston Villa,F,FWC,1631,20000000,3.0771645951820537,-0.36890568549279124,2.7082589096892624,6.59600262078247,0.6234765094850445,7.219479130267515,0.52,4.46
2020,Joel Veltman,Brighton,D,DC,2439,5000000,5.976664832149632,-0.2546575387241319,5.7220072934255,4.4105375712937676,2.7544000514317304,7.164937622725498,2.02,4.88
2020,Wilfred Ndidi,Leicester,M,MC,2329,50000000,2.3557933596894145,0.20475039148004726,2.5605437511694618,3.5036522501613945,3.6033456522854976,7.106997902446892,0.47,2.52
2020,Luke Shaw,Man Utd,D,DL,2869,25000000,8.938128373909741,-0.9964586417772807,7.941669732132461,4.66325272946083,2.44084083395137,7.1040935634122,3.79,7.21
2020,Kieran Tierney,Arsenal,D,DL,2461,30000000,4.7873185883508995,-0.15797965007368475,4.629338938277215,3.614531498067663,3.4247721869760426,7.039303685043706,1.03,4.45
2020,Jacob Murphy,Newcastle,D,DR,1783,3500000,5.4551272546490654,-0.5196930022793822,4.935434252369683,5.513098267922411,1.4915379203448538,7.0046361882672645,-0.01,3.41
2020,Daniel Podence,Wolves,F,FWC,1761,25000000,3.0842265531341546,-0.13881616794969887,2.9454103851844557,6.240700689445017,0.7181576465227408,6.958858335967758,0.5,3.55
2020,Dan Burn,Brighton,D,DL,2208,5000000,2.0613299011602066,-1.7690967736998573,0.29223312746034935,5.090936983033316,1.859824861137895,6.950761844171211,0.01,3.43
2020,Andrew Robertson,Liverpool,D,DL,3663,70000000,7.487085863094311,-1.0205892373924144,6.466496625701897,3.7876527331150136,3.1627645236440003,6.950417256759014,5.02,8.44
2020,Charlie Taylor,Burnley,D,DL,2590,4000000,5.199593227240257,-0.34491779148811474,4.854675435752142,2.301634618008393,4.5874538631906034,6.889088481198996,0.82,3.68
2020,N'Golo Kante,Chelsea,M,MC,2301,55000000,2.479092713445425,0.5333861885592341,3.012478902004659,4.221895917828078,2.625533942846232,6.8474298606743105,1.41,3.31
2020,Mason Holgate,Everton,D,DR,2469,18000000,4.5839895468670875,0.13075730437412858,4.714746851241216,3.3238243310479447,3.5070715438050684,6.830895874853013,0.61,3.63
2020,Allan Saint-Maximin,Newcastle,F,FWC,1668,28000000,4.998038764519151,-0.7662581583135761,4.231780606205575,7.010332688121707,-0.19029254354245495,6.820040144579252,1.39,4.44
2020,Luka Milivojevic,Crystal Palace,M,MC,2528,10000000,3.4496449685990402,0.2568130305153318,3.706457999114372,3.6776683113872597,3.0053203052812023,6.682988616668462,1.4,3.3
2020,Jordan Ayew,Crystal Palace,F,FWC,2237,8000000,0.1027384809567593,-0.2953952747047879,-0.19265679374802858,5.490036861563567,1.1440965026558843,6.634133364219451,-0.13,2.92
2020,Federico Fernandez,Newcastle,D,DC,2245,3000000,1.3552266184124164,-0.7918046697741374,0.563421948638279,1.936160143581219,4.696655146035482,6.632815289616701,-0.84,1.79
2020,Pascal Gross,Brighton,M,MC,2682,7000000,2.2315944098200764,-0.12384939700132236,2.107745012818754,5.00842611879952,1.6080127272434765,6.616438846042996,2.02,5.44
2020,Matt Phillips,West Brom,M,MR,1982,4000000,3.1309950766181576,-0.13561015477171168,2.995384921846446,4.885130053956411,1.7099359869898763,6.595066040946287,-0.66,3.31
2020,Hector Bellerin,Arsenal,D,DR,2242,25000000,3.168654528679326,0.04693035897798836,3.2155848876573145,4.0911428569379495,2.5015173703286564,6.592660227266606,0.46,3.88
2020,Theo Walcott,Southampton,M,MR,1712,6000000,2.1905863574324176,-0.1929924968862906,1.997593860546127,5.950242084884318,0.6270734541758429,6.5773155390601605,-1.05,2.77
2020,Fabinho,Liverpool,D,DC,2786,60000000,4.328417492099106,0.27153633581474423,4.5999538279138505,3.8786045384476893,2.6789313197368756,6.557535858184565,1.48,4.49
2020,Willy Boly,Wolves,D,DC,2043,14000000,1.7008761782199144,0.08208166202530265,1.782957840245217,3.5911726674239617,2.938675406621769,6.529848074045731,-0.2,2.55
2020,Andros Townsend,Crystal Palace,M,MR,2430,8000000,5.019408675426617,-0.37029489676933736,4.64911377865728,4.4317129591866395,2.053793376631802,6.4855063358184415,0.19,4.13
2020,Hakim Ziyech,Chelsea,F,FWR,1242,40000000,3.0802325161537154,-0.28104223613627255,2.799190280017443,5.711897677920875,0.7275106324523222,6.439408310373198,-1.41,2.52
2020,Harrison Reed,Fulham,M,MC,2417,10000000,3.2906986411735417,0.16965749551309273,3.4603561366866344,3.6897258944272764,2.7476391348754987,6.437365029302775,0.68,2.74
2020,George Baldock,Sheff Utd,M,MR,2981,6500000,2.316583688079845,0.2508871634490788,2.567470851528924,2.9811843614443205,3.4171514505142113,6.398335811958532,-0.09,3.33
2020,Nathaniel Phillips,Liverpool,D,DC,1598,5000000,1.911659978737589,0.1503712084959261,2.062031187233515,3.2338427310896805,3.1481227556359954,6.381965486725676,-0.51,2.51
2020,Caglar Soyuncu,Leicester,D,DC,1947,40000000,3.3955888839554973,0.2891212539980188,3.684710137953516,3.8138129166181898,2.5463398218271323,6.360152738445322,0.08,3.1
2020,Nathan Redmond,Southampton,M,ML,1902,18000000,2.535689893873874,-0.920357158058323,1.6153327358155511,5.862031202527229,0.4756614708167035,6.337692673343932,0.8,3.86
2020,Conor Townsend,West Brom,D,DL,2403,1500000,4.708097976221703,-1.0216887025744654,3.6864092736472376,2.846363481261884,3.473550398251973,6.319913879513857,1.36,4.22
2020,Said Benrahma,West Ham,F,FWL,1510,22000000,3.8193400747841224,-0.18353658891282976,3.6358034858712927,5.885233642926323,0.4054378849687055,6.290671527895029,0.88,3.93
2020,Antonee Robinson,Fulham,D,DL,2381,7000000,4.810192444594577,-0.3633972628740594,4.446795181720518,2.954762370485696,3.32624971261248,6.281012083098176,1.35,4.77
2020,Ivan Cavaleiro,Fulham,F,FWC,2629,8000000,-0.2640504922769441,-0.4769250917597674,-0.7409755840367115,5.166273467153154,1.113771109303343,6.280044576456497,1.65,4.71
2020,Aleksandar Mitrovic,Fulham,F,FWC,1541,18000000,-2.4392760033947827,-1.2145458586746827,-3.6538218620694654,6.422577478370355,-0.14672942421748303,6.275848054152872,0.19,3.78
2020,Dara O'Shea,West Brom,D,DC,2245,3000000,2.6653577745892107,-0.46502335323020816,2.2003344213590026,2.228789100830909,4.041445800918154,6.270234901749063,0.1,2.62
2020,Martin Dubravka,Newcastle,G,GK,1276,6000000,1.1911764075048268,1.109063179581426,2.300239587086253,0.49245708162197843,5.776484175468795,6.268941257090773,,
2020,Scott Dann,Crystal Palace,D,DC,1448,1800000,2.1741150087327696,0.1274421174894087,2.3015571262221783,2.949992506415583,3.2773675349453697,6.227360041360953,-0.63,2
2020,Oliver Norwood,Sheff Utd,M,MC,2387,7000000,3.756389445998706,0.36306842928752303,4.119457875286229,2.7267792680746643,3.493577404835378,6.220356672910042,0.87,2.77
2020,Joao Moutinho,Wolves,M,MC,2731,4000000,3.7258471394507215,-0.2858178080059588,3.4400293314447628,4.510292058248538,1.7098684721422615,6.2201605303908,1.6,3.5
2020,Patrick van Aanholt,Crystal Palace,D,DL,1900,8000000,3.670542270869948,0.13379033748060465,3.8043326083505526,3.437595377655118,2.7233977781579597,6.1609931558130775,1.23,3.52
2020,Adam Lallana,Brighton,M,MC,1706,6000000,1.4682987420139835,-0.09473334671929479,1.3735653952946887,5.151003521624487,0.9998040849604877,6.150807606584975,0.76,3.32
2020,Lucas Moura,Tottenham,F,FWC,1522,25000000,2.1192207872192377,-0.14330776204587892,1.9759130251733585,5.4178763748606436,0.6873832134879194,6.105259588348563,0.11,3.16
2020,Mbaye Diagne,West Brom,F,FWC,1265,3000000,-0.3104105901438743,0.08959064941154793,-0.22081994073232636,5.497206879052101,0.6023412473732606,6.099548126425361,-0.59,3
2020,Oriol Romeu,Southampton,M,MC,1888,7000000,2.321672785328701,0.3509548187139444,2.6726276040426455,3.710613060320611,2.376721277309116,6.087334337629727,-0.08,1.98
2020,Solly March,Brighton,M,ML,1807,9000000,4.972797899376601,-0.4179741216939874,4.554823777682613,4.803988170155789,1.2503674454928841,6.0543556156486735,0.62,4.04
2020,Serge Aurier,Tottenham,D,DR,1716,20000000,4.268131990567781,-0.19654700718820095,4.07158498337958,3.974076054757461,2.0379320062929764,6.012008061050437,0.52,3.38
2020,Olivier Giroud,Chelsea,F,FWC,817,5000000,0.38950071146246046,-0.09512685594381765,0.2943738555186428,5.640419517789269,0.3681698412547121,6.008589359043981,-1.38,2.44
2020,Jairo Riedewald,Crystal Palace,M,MC,1950,6000000,2.601159415091388,0.32763426390010864,2.9287936789914966,3.6970434341346845,2.307159860225511,6.004203294360195,-0.48,1.58
2020,Ethan Ampadu,Sheff Utd,D,DC,2244,12000000,3.6773988152109087,-0.5672518415958621,3.1101469736150467,2.2389168394129957,3.7294002606504364,5.968317100063432,0.64,3.11
2020,Matthew Cash,Aston Villa,D,DR,2590,20000000,4.2060500582447276,-2.290713732247241,1.9153363259974867,2.780743308219826,3.184524679396418,5.965267987616244,1.06,3.92
2020,Jack Stephens,Southampton,D,DC,1655,4500000,2.48628142895177,0.491869707533624,2.978151136485394,2.4494134956330527,3.4812012392503675,5.93061473488342,-0.08,2.94
2020,Ruben Loftus-Cheek,Fulham,F,FWC,2052,20000000,-0.6257674184776842,-0.10295931721339002,-0.7287267356910743,4.778556057728943,1.1304920033435337,5.909048061072477,1.17,4.23
2020,Tyrick Mitchell,Crystal Palace,D,DL,1848,5000000,3.3743720454513095,-0.9566798937739804,2.417692151677329,2.887475822775741,2.985146680934122,5.872622503709863,0.1,2.57
2020,Jorginho,Chelsea,M,MC,2152,45000000,3.0723737841928864,-0.35387418611207977,2.7184995980808067,4.1751633193364155,1.6328756349685136,5.808038954304929,0.7,2.76
2020,Ciaran Clark,Newcastle,D,DC,2029,4000000,1.8974684865679592,-1.1323048658668995,0.7651636207010597,2.673367704031989,3.089527605989133,5.762895310021122,-0.79,1.84
2020,Raul Jimenez,Wolves,F,FWC,881,35000000,2.2002279955195263,-0.9796829758561216,1.2205450196634047,6.045252185169375,-0.29700105750816874,5.748251127661206,-2.01,1.81
2020,Joel Ward,Crystal Palace,D,DR,2429,2800000,3.0692387655726634,-0.9078944143257104,2.161344351246953,2.8447130010754336,2.8988729017146397,5.743585902790073,0.53,2.82
2020,Mario Lemina,Fulham,M,MC,1831,10000000,2.449742833385244,0.2889625404495746,2.7387053738348186,3.5732383379508974,2.0855040155147435,5.658742353465641,0.96,3.02
2020,Issa Diop,West Ham,D,DC,1498,18000000,2.575623995566275,-0.37238344067009166,2.2032405548961833,2.827416279789759,2.8189319698140025,5.646348249603761,-1.01,1.48
2020,Trezeguet,Aston Villa,F,FWR,1254,10000000,0.4296873561074026,-0.2540567683172412,0.17563058779016139,4.863407081135316,0.7679114139464218,5.631318495081738,1.05,4.1
2020,Marc Albrighton,Leicester,F,FWR,1928,5000000,3.9912608667146414,0.08207919128471985,4.073340057999362,3.4635984051347477,2.1433970400103135,5.606995445145062,0.29,3.92
2020,Mateo Kovacic,Chelsea,M,MC,1944,45000000,4.241338752093725,0.3056007539271377,4.546939506020863,4.496296714671189,1.079961510389694,5.576258225060883,0.81,3.94
2020,Daniel James,Man Utd,F,FWR,978,18000000,2.2535139218671247,0.014213045127689838,2.2677269669948146,5.039668683763011,0.5292005179362604,5.568869201699272,-1.28,1.78
2020,Callum Hudson-Odoi,Chelsea,M,MR,1140,35000000,4.54905001095077,-0.04860203544376418,4.500447975507006,5.263556566954241,0.2859106417890871,5.549467208743328,0.1,3.1
2020,Thomas Partey,Arsenal,M,MC,1724,45000000,2.6538025718182325,0.06401452544378117,2.7178170972620137,3.9964329200738575,1.5352420240524225,5.53167494412628,0.49,2.55
2020,Reece James,Chelsea,D,DR,2571,40000000,4.498855804684107,-1.14824458793737,3.3506112167467363,3.436942710622796,2.0359166065754835,5.47285931719828,2.1,4.84
2020,Diego Llorente,Leeds,D,DC,1297,20000000,1.5896835922030732,0.25725677085574716,1.8469403630588204,2.349515316891484,3.119177666900214,5.468692983791698,-0.26,2.23
2020,Isaac Hayden,Newcastle,M,MC,2102,10000000,0.6281384715694003,0.292554511630442,0.9206929831998423,2.9310026652383385,2.517111192079028,5.448113857317367,-0.63,1.42
2020,Dani Ceballos,Arsenal,M,MC,1748,30000000,2.5981704203323464,0.22251724515808746,2.820687665490434,3.6638528202775635,1.7586600249196636,5.422512845197227,1.68,3.74
2020,Alex Iwobi,Everton,F,FWR,1677,22000000,2.989358599530533,-0.017590624396689236,2.9717679751338437,4.123992321154219,1.2860897074424429,5.410082028596662,0.33,3.39
2020,Ben Osborn,Sheff Utd,M,MC,1725,2000000,2.9225149717689494,0.037621598632540554,2.96013657040149,3.642371181007009,1.735788731573848,5.378159912580857,-0.63,2.79
2020,Allan,Everton,M,MC,2214,22000000,3.0054003031691536,0.735030889918562,3.7404311930877157,2.6348739968670998,2.739630023468635,5.374504020335735,0.89,2.79
2020,Emile Smith Rowe,Arsenal,F,FWC,1582,13000000,2.549674599780701,0.07638980791671202,2.626064407697413,4.605847294820705,0.7458784946647938,5.351725789485499,-0.31,2.33
2020,Ryan Bertrand,Southampton,D,DL,2802,10000000,4.862369262183085,-1.3170851287432015,3.5452841334398837,4.106377300026827,1.2306218296434963,5.336999129670323,0.43,4.05
2020,Dean Henderson,Man Utd,G,GK,1219,20000000,0.8504709110129625,0.9843478365801275,1.83481874759309,0.40396613557823,4.889683154557133,5.293649290135363,,
2020,Antonio Rudiger,Chelsea,D,DC,1835,25000000,3.2090326457400806,-0.33273779758019373,2.876294848159887,3.892273359655519,1.3582290678314166,5.250502427486936,0.03,3.05
2020,John Fleck,Sheff Utd,M,MC,2774,6000000,2.885072592679877,0.05977323546539992,2.9448458281452767,3.142675760090584,2.093230067548575,5.235905827639159,0.45,3.57
2020,Johann Gudmundsson,Burnley,M,MR,1443,4000000,1.7187918759784662,0.2976720132282935,2.0164638892067597,3.69870863685105,1.3395363351883134,5.038244972039363,-2.43,1.54
2020,Tyler Roberts,Leeds,M,MC,1445,5000000,0.8944678751868196,-0.06825729535194114,0.8262105798348784,4.40333947353065,0.625254757978837,5.028594231509487,-0.72,2.27
2020,Marcos Alonso,Chelsea,M,ML,1039,13000000,2.453680191059597,-0.08944971376331523,2.3642304772962817,4.031692032048944,0.9703307714080438,5.002022803456988,-1.16,2.47
2020,Curtis Jones,Liverpool,M,MC,1275,30000000,1.7373306558001786,0.020504484476987273,1.757835140277166,4.2174972528009675,0.780339352946612,4.99783660574758,-0.31,2.33
2020,Sergio Aguero,Man City,F,FWC,590,25000000,0.48703536409088977,-0.08994240558240563,0.39709295850848414,4.94979005949067,0.04481504630530253,4.994605105795973,-2.48,1.35
2020,Mohamed Elneny,Arsenal,M,MC,1696,10000000,2.565844076452777,0.5926290133502334,3.1584730898030102,3.3343749988416675,1.5844914503977634,4.918866449239431,-0.75,1.31
2020,Emil Krafth,Newcastle,D,DR,1387,4000000,2.173714843171183,-0.22466142033226788,1.9490534228389151,2.5400660363666248,2.355069901619572,4.895135937986197,-1.37,1.49
2020,David Luiz,Arsenal,D,DC,1565,5000000,3.27551871718606,-0.4298011679202318,2.845717549265828,3.377406560786767,1.5029937849321868,4.880400345718954,0.04,2.79
2020,Jeff Hendrick,Newcastle,M,MC,1580,9000000,2.466250379977282,0.3099005726980977,2.77615095267538,2.834638676926261,2.007997184206033,4.842635861132294,-0.82,1.24
2020,Jay Rodriguez,Burnley,F,FWC,1374,5000000,-1.702910071646329,-0.11987071030307561,-1.8227807819494046,4.193836567967082,0.6471622779936297,4.840998845960712,-1.67,2.15
2020,Seamus Coleman,Everton,D,DR,1744,7000000,1.6706875674426556,0.32306102418806404,1.9937485916307196,2.456534813536564,2.3696603383141337,4.826195151850698,-0.6,3.02
2020,Sergio Reguilon,Tottenham,D,DL,2411,25000000,2.5584261240372435,-1.3666201349115,1.1918059891257435,2.7383261364673963,2.0721873654983938,4.81051350196579,0.98,4.4
2020,Fernandinho,Man City,M,MC,1276,2500000,2.8318413690431044,0.0643434863886796,2.896184855431784,3.8030677516799187,1.0018060920556309,4.80487384373555,0.44,2.13
2020,Fabian Balbuena,West Ham,D,DC,1298,5000000,1.2798662756104022,0.45442767412168905,1.7342939497320913,2.2874355187959736,2.5079997925349744,4.795435311330948,-0.93,1.56
2020,Helder Costa,Leeds,M,MR,1245,10000000,2.709860486269463,-0.8217191267176531,1.8881413595518097,4.692187967346399,0.046849668098730035,4.739037635445129,-0.9,2.16
2020,Jayden Bogle,Sheff Utd,M,MR,1213,7000000,1.5516401854110882,-0.1439469545148313,1.4076932308962569,3.359488259855425,1.212324343607179,4.571812603462604,-0.69,1.95
2020,Nemanja Matic,Man Utd,M,MC,1229,10000000,2.89728947437834,0.20313953451113775,3.1004290088894777,3.0016385567723773,1.5399619512900244,4.541600508062402,0.37,2.27
2020,Alexis Mac Allister,Brighton,F,FWC,1198,10000000,1.3383691928433255,-0.016893747146241367,1.321475445697084,3.672126512447372,0.8681558657408459,4.540282378188218,-1.18,1.81
2020,Oleksandr Zinchenko,Man City,D,DL,1589,20000000,2.3509901917064564,0.18602182815084234,2.5370120198572987,2.674237098741811,1.8296315018815221,4.503868600623333,0.36,2.41
2020,Oliver Burke,Sheff Utd,F,FWC,1344,5000000,-0.02748503169277683,-0.14251940639223903,-0.17000443808501586,4.141470272297738,0.3612089352827752,4.502679207580513,-1.3,2.28
2020,Kyle Walker,Man City,D,DR,2080,35000000,4.24280544987414,-1.6160276674781926,2.6267777823959477,4.202191148593556,0.2837508001830429,4.485941948776599,1.7,3.6
2020,Paul Dummett,Newcastle,D,DC,1364,4000000,1.768618352652993,-0.19517797732260078,1.5734403753303923,2.108319567036233,2.317089099844452,4.425408666880685,-0.99,1.5
2020,Fabian Schar,Newcastle,D,DC,1367,12000000,2.119021660038948,0.31568051426438615,2.434702174303334,1.8758737544285626,2.5443537621904397,4.420227516619002,-0.46,2.02
2020,James McArthur,Crystal Palace,M,MC,1575,3000000,1.7802532247151248,0.22967851342400536,2.00993173813913,2.425037822991726,1.9087918461300433,4.333829669121769,0.08,1.98
2020,Josh Maja,Fulham,F,FWC,865,6000000,0.063443029737778045,-0.1471329255728051,-0.08368989583502706,4.037521374690209,0.22135615651495755,4.258877531205167,-0.73,2.26
2020,Giovani Lo Celso,Tottenham,F,FWC,1005,30000000,1.4801614345367997,-0.015187616925686598,1.4649738176111131,3.5412952199283754,0.6741883144277381,4.215483534356114,-0.98,2.15
2020,Dwight Gayle,Newcastle,F,FWC,578,5000000,-0.4009592302609235,0.03202525689266622,-0.3689339733682573,3.562882051890483,0.46600008208770305,4.028882133978186,-2.7,1.12
2020,Gabriel Martinelli,Arsenal,F,FWL,646,22000000,1.8646730575710535,0.03741730243200436,1.9020903600030579,3.6413797405548394,0.36543989591882564,4.006819636473665,0.4,3.41
2020,Andreas Christensen,Chelsea,D,DC,1526,28000000,2.0808728098636493,0.3916749937343411,2.4725478035979904,1.7185600778029766,2.2766243895166554,3.995184467319632,-0.93,2.09
2020,Steven Bergwijn,Tottenham,F,FWR,1291,25000000,-0.015577330616302787,0.06062008405569941,0.04504275343939662,3.2054768212562195,0.7572390918649035,3.962715913121123,-0.45,2.61
2020,Ben Davies,Tottenham,D,DL,1457,16000000,1.8521213189200498,-0.006391495233401656,1.8457298236866482,1.3972102926458465,2.4467677312495653,3.8439780238954118,-0.42,2.44
2020,Kenny Tete,Fulham,D,DR,1588,5000000,2.606291363306809,-0.6140213506878354,1.9922700126189739,1.9575947298435494,1.8442927834694274,3.801887513312977,-0.54,2.32
2020,Aymeric Laporte,Man City,D,DC,1425,50000000,2.610244682757184,-0.4146176393260248,2.195627043431159,2.8902238224545727,0.839960465891636,3.7301842883462086,0.16,3.18
2020,Ainsley Maitland-Niles,West Brom,M,MC,1320,18000000,0.9915964456093498,0.48108956491341814,1.472686010522768,2.4300350595957134,1.249370189048932,3.6794052486446454,-3.55,2.99
2020,Grady Diangana,West Brom,M,ML,1319,12000000,0.12450460936967285,-0.20758845616364852,-0.08308384679397567,2.742662351507228,0.8907186725409701,3.633381024048198,-1.53,1.52
2020,Karlan Grant,West Brom,F,FWC,1189,9000000,-0.038050048577133566,-0.18452704255469143,-0.222577091131825,3.142634951596847,0.47665539938316215,3.619290350980009,-2.09,1.49
2020,Erik Lamela,Tottenham,F,FWR,831,16000000,0.6401756376205012,-0.12145056220469996,0.5187250754158013,3.220311156451004,0.3846234062948497,3.6049345627458536,-1.32,1.73
2020,James Milner,Liverpool,M,MC,1185,3000000,1.8735568880378268,0.2143003818928264,2.0878572699306535,2.4508963175480023,1.1416117385815596,3.592508056129562,0.75,1.97
2020,Eric Bailly,Man Utd,D,DC,1000,15000000,1.1009713234961964,0.35781728563597426,1.4587886091321707,1.1720105769491056,2.414196029305458,3.5862066062545637,-1.38,1.11
2020,Moussa Sissoko,Tottenham,M,MC,1717,13000000,0.8118687518872321,0.31192219990771264,1.1237909517949447,1.9500650401168969,1.6199894559686072,3.570054496085504,-0.24,1.66
2020,Martin Odegaard,Arsenal,F,FWC,977,40000000,1.919479683758691,0.1038771744351834,2.0233568581938743,3.1400087103870464,0.38752804190153256,3.527536752288579,-2.21,1.41
2020,John Lundstram,Sheff Utd,M,MC,2243,7000000,-0.39041833375047136,0.10795178054831922,-0.28246655320215214,1.2858102684189594,2.2278865003754618,3.5136967687944214,-1.07,2.06
2020,Robbie Brady,Burnley,M,MR,1119,3000000,1.3857443910576404,-0.07169548043748364,1.3140489106201567,2.6319104537590174,0.8570801197056426,3.48899057346466,-1.53,1.6
2020,Rhian Brewster,Sheff Utd,F,FWC,1234,12000000,-1.059632397373207,0.16586992819793522,-0.8937624691752717,2.9996141227311455,0.466597446880769,3.4662115696119145,-1.43,1.56
2020,Michy Batshuayi,Crystal Palace,F,FWC,793,10000000,1.6721442855196074,-0.19049341493519023,1.4816508705844171,3.275526068857289,0.1897704039583914,3.4652964728156803,-1.63,1.95
2020,Takumi Minamino,Southampton,M,ML,751,12000000,1.2685447757830843,-0.047686929698102176,1.2208578460849822,3.0639278950402513,0.3917878429783741,3.4557157380186254,-4.84,1.3399999999999999
2020,Kean Bryan,Sheff Utd,D,DC,1064,2000000,1.1755988398799673,-1.046839299844578,0.12875954003538936,1.8857075853738934,1.547102721844567,3.4328103072184604,-1.52,1.5
2020,Sander Berge,Sheff Utd,M,MC,1203,18000000,0.523943059345454,0.41868205496575683,0.9426251143112109,2.2488593528786236,1.1838602698844625,3.432719622763086,-1.27,1.86
2020,Davinson Sanchez,Tottenham,D,DC,1603,35000000,1.5695452042273246,-2.296302356000524,-0.7267571517731994,2.19087668582506,1.2294424866122426,3.4203191724373028,-0.5,1.98
2020,Daniel Amartey,Leicester,D,DC,845,5000000,1.4686188568011858,0.35171759087825194,1.8203364476794377,1.5109436730854213,1.8619853347336175,3.372929007819039,-2.06,0.96
2020,Willian Jose,Wolves,F,FWC,1177,20000000,-1.1078054785029963,-0.05820251192199066,-1.166007990424987,2.783026236895239,0.5591981109755579,3.342224347870797,-1.88,1.71
2020,Rayan Ait-Nouri,Wolves,D,DL,1509,20000000,2.4058815906527453,-0.9256732071517035,1.4802083835010418,2.5860992534789258,0.7492309408116853,3.335330194290611,-0.4,2.34
2020,Andy Carroll,Newcastle,F,FWC,457,2000000,-0.06886281433980912,-0.23855541873490438,-0.3074182330747135,3.0570081434270833,0.24879677311400883,3.305804916541092,-3.02,0.8
2020,Aaron Connolly,Brighton,F,FWC,864,7000000,-0.5920512165175751,-0.09703390958020464,-0.6890851260977797,3.199977845288231,0.10536616083118133,3.3053440061194124,-0.7,2.29
2020,Luke Thomas,Leicester,D,DL,1090,3000000,1.658737308520358,-0.277619018801488,1.38111828971887,2.2904705062828725,1.0002034555654973,3.29067396184837,-1.42,1.32
2020,Robin Koch,Leeds,D,DC,1223,17000000,1.1397091698017903,-0.6719621579977684,0.4677470118040219,1.8636972021777183,1.3736860235658241,3.2373832257435424,-0.91,2.11
2020,Moussa Djenepo,Southampton,M,ML,1347,13000000,0.7283888716483489,-0.7050588682177477,0.02333000343060121,2.656704291002825,0.513550392803154,3.170254683805979,-0.63,2.36
2020,Eddie Nketiah,Arsenal,F,FWC,477,18000000,0.9726370591670275,-0.1036421530880034,0.8689949060790241,3.0288183228840353,0.13770095945801586,3.166519282342051,-1.43,1.56
2020,Maximilian Kilman,Wolves,D,DC,1419,4500000,1.2111081205075607,-0.4711694438010454,0.7399386767065153,1.6486859220458427,1.469304450933123,3.1179903729789658,-1.06,1.96
2020,Sean Longstaff,Newcastle,M,MC,1538,15000000,0.23006229648413137,-0.03215906023979187,0.19790323624433948,1.8740857494859957,1.2405837312544463,3.1146694807404423,-0.28,1.78
2020,Nathan Tella,Southampton,F,FWC,810,1500000,0.8832581680035219,-0.10530498990556225,0.7779531780979596,2.878378754176083,0.23541947685589548,3.1137982310319785,-1.05,1.94
2020,Matt Ritchie,Newcastle,D,DL,1472,4000000,3.374719058097806,-0.6821049934951589,2.692614064602647,1.6673802396324464,1.4120137141144369,3.0793939537468833,-0.51,1.78
2020,Erik Pieters,Burnley,D,DL,1362,1800000,1.3540759797194042,-0.6414202837622724,0.7126556959571317,1.2733300428969088,1.804364178009564,3.077694220906473,-0.07,2.22
2020,Tom Davies,Everton,M,MC,1524,16000000,1.3546943219262175,-0.34989371692063287,1.0048006050055847,1.4814289021596778,1.591105480591068,3.072534382750746,-0.42,1.58
2020,Jack Cork,Burnley,M,MC,1432,6000000,0.7522638265509158,0.2728204418090172,1.025084268359933,1.696119656378869,1.3724852279556217,3.0686048843344906,-1.94,0.62
2020,Hal Robson-Kanu,West Brom,F,FWC,638,1800000,1.084078358951956,-0.1541130025871098,0.9299653563648462,2.8767323961510556,0.18942811869783327,3.066160514848889,-3.25,0.57
2020,Romaine Sawyers,West Brom,M,MC,1586,2500000,1.3753114273422398,-0.2667388003319502,1.1085726270102896,1.6076723140577087,1.4314928003004752,3.039165114358184,-0.74,1.32
2020,Tom Cairney,Fulham,F,FWC,813,9000000,1.5771704562418163,0.2401737011387013,1.8173441573805178,2.6229585348106923,0.4078774044464808,3.030835939257173,-0.8,1.76
2020,Andre Gomes,Everton,M,MC,1705,20000000,1.2564782993770205,-0.44520279357675463,0.8112755058002659,2.3860032947898144,0.6426436496840324,3.028646944473847,-0.98,2.15
2020,Dele Alli,Tottenham,F,FWC,671,32000000,-0.30470234202221036,-0.01665280689485371,-0.32135514891706407,2.602570444054436,0.3821393601538148,2.9847098042082507,-1.75,1.37
2020,Okay Yokuslu,West Brom,M,MC,1419,5000000,0.6675639660679735,-0.4317146540270187,0.23584931204095483,1.5248642887163442,1.4205345615628175,2.9453988502791617,-0.33,1.73
2020,Manuel Lanzini,West Ham,M,MC,636,10000000,1.2369362943540327,0.25577219208935276,1.4927084864433855,2.324759595558513,0.5845618552848464,2.9093214508433594,-1.9,1.22
2020,Fraser Forster,Southampton,G,GK,777,4000000,0.6909209734294564,0.08885045372880995,0.7797714271582663,0.3609559105389053,2.5090162106062053,2.8699721211451106,,
2020,Dennis Praet,Leicester,F,FWC,753,20000000,0.9683994619990699,0.017645109677687287,0.9860445716767572,2.4096063391916687,0.45644985081162304,2.8660561900032917,-1.99,1.06
2020,Joel Matip,Liverpool,D,DC,752,25000000,1.4826405915082432,0.24061149696353823,1.7232520884717815,2.1533101022359915,0.7055386530118994,2.858848755247891,-1.38,1.64
2020,Pablo Hernandez,Leeds,M,MC,482,900000,0.49712312208581716,-0.08251128363190219,0.41461183845391497,2.5970818193469896,0.24573771409632172,2.8428195334433113,-3.95,1.29
2020,Jake Livermore,West Brom,M,MC,1382,3000000,0.48978381615597755,-0.6116610492463224,-0.12187723309034482,1.345262957853265,1.468655843505985,2.81391880135925,-1.27,0.63
2020,Tariq Lamptey,Brighton,M,MR,961,18000000,1.7791278915829025,-0.7326507066609338,1.0464771849219687,2.523846576208598,0.23841955908574164,2.7622661352943396,0.1,2.84
2020,Steven Alzate,Brighton,M,MC,963,7000000,1.2017969502485357,0.0059265949530526996,1.2077235452015884,2.265323552172049,0.4366570341953775,2.7019805863674264,-1.57,1.07
2020,Ricardo Pereira,Leicester,M,MR,1037,30000000,0.7289018501178361,-0.07607477781130001,0.6528270723065361,1.3472666633315384,1.3432182752003428,2.690484938531881,-1.82,1.61
2020,Jamal Lewis,Newcastle,D,DL,1991,17000000,2.3488285517669283,-0.9722463939106092,1.376582157856319,1.0512981126084924,1.6135237858106848,2.664821898419177,-0.38,2.48
2020,Willian,Arsenal,F,FWR,1518,12000000,1.309973689492792,-0.24602833163226023,1.0639453578605318,2.112593766300008,0.5344728723284788,2.6470666386284867,-1.1,2.56
2020,Robin Olsen,Everton,G,GK,679,4000000,0.5942562815034762,0.3063441471895203,0.9006004286929965,0.23571112418721896,2.3996398453455186,2.6353509695327375,,
2020,Naby Keita,Liverpool,M,MC,570,38000000,0.9340147584443912,0.1186628065770492,1.0526775650214404,2.2568374114343897,0.3644999208190711,2.6213373322534608,-2.05,1.08
2020,Nathaniel Clyne,Crystal Palace,D,DR,1216,4000000,1.3646017976570874,-0.012416726560331881,1.3521850710967556,1.097722470309236,1.516351975602447,2.614074445911683,-1.07,1.22
2020,Harry Winks,Tottenham,M,MC,935,22000000,1.7234117271727882,0.15081773680867627,1.8742294639814645,1.4903696458641207,1.0548362448462285,2.545205890710349,-1.15,0.91
2020,Mohammed Salisu,Southampton,D,DL,912,10000000,0.2944790353649296,-0.027309662546031177,0.2671693728188984,0.810980264810496,1.7270131299446803,2.5379933947551763,-1.55,0.97
2020,Matt Doherty,Tottenham,D,DR,1355,18000000,1.6012494904571213,-0.5852040395257063,1.016045450931415,1.2580981424980564,1.2537413658283185,2.511839508326375,-1.04,1.82
2020,Jack Robinson,Sheff Utd,D,DC,953,2000000,1.310339309682604,-0.530800194828771,0.7795391148538329,1.1385695486678742,1.364896930026589,2.503466478694463,-1.31,1.71
2020,Nampalys Mendy,Leicester,M,MC,1560,8000000,0.7846566270454787,0.0868872482678853,0.871543875313364,1.4880126572825247,1.0111908023973228,2.4992034596798476,-1.09,0.97
2020,Ryan Fredericks,West Ham,D,DR,625,3000000,1.3168971331906505,0.14463226171210408,1.4615293949027546,1.5952192684198963,0.8532356810028432,2.4484549494227394,-2.42,1.01
2020,Alireza Jahanbakhsh,Brighton,F,FWR,606,5000000,0.7795951007800177,0.03457492624875158,0.8141700270287693,2.1984933094580192,0.23409743602678645,2.4325907454848057,-0.94,2.11
2020,Donny van de Beek,Man Utd,M,MC,606,35000000,0.6374105240101926,0.09396835789084435,0.731378881901037,1.8914624331810046,0.5399098915513605,2.431372324732365,-2.18,0.95
2020,Benjamin Mendy,Man City,D,DL,1009,22000000,2.6911751737869345,-0.7858798677916639,1.9052953059952706,2.234740628592437,0.19517304697365034,2.4299136755660875,-1.94,1.48
2020,Kortney Hause,Aston Villa,D,DC,681,4500000,1.2793303012149408,0.2893831911496818,1.5687134923646227,1.3196037354064174,1.0724438964680303,2.3920476318744477,-1.49,1
2020,Branislav Ivanovic,West Brom,D,DC,820,800000,0.4093237370252609,-0.05182134493952617,0.35750239208573475,0.8469088185956934,1.5262179758428829,2.3731267944385763,-2.4,0.82
2020,Rhys Williams,Liverpool,D,DC,718,5000000,0.5085986398626119,0.11554220854304731,0.6241408484056592,1.3260876060376177,1.0372199318371713,2.363307537874789,-1.76,0.76
2020,Billy Sharp,Sheff Utd,F,FWC,815,800000,-0.19914094457267217,-0.12125020811799914,-0.3203911526906713,2.3058967158759067,0.052731116898939945,2.3586278327748467,-3.02,1.13
2020,Nathan Ake,Man City,D,DC,863,35000000,2.4064488241565414,-0.5585175335290842,1.8479312906274572,2.3680991074215854,-0.019729361214558594,2.3483697462070268,-0.85,1.21
2020,Kieran Gibbs,West Brom,D,DL,915,2500000,0.6761483935406432,0.13723048771498725,0.8133788812556304,0.5590141556895105,1.7884474057500483,2.347461561439559,-1.61,0.69
2020,Jimmy Dunne,Burnley,D,DC,288,400000,0.7587238919222727,0.018286201055161655,0.7770100929774344,1.4937657564441906,0.8194575144298142,2.313223270874005,,
2020,Ahmed El Mohamady,Aston Villa,D,DR,919,1800000,1.9218832203187048,0.09305244887946174,2.0149356691981666,1.0627638765145093,1.2174652590911137,2.280229135605623,-0.5,1.79
2020,Joe Bryan,Fulham,M,ML,739,5000000,2.0449668871941977,-0.9267715570749715,1.1181953301192262,1.8514130700413371,0.31600089710264,2.167413967143977,-1.09,1.77
2020,Pablo Mari,Arsenal,D,DC,967,7000000,0.9745722589432262,-0.22444560017902404,0.7501266587642021,0.9457798564981204,1.1911882830463583,2.1369681395444786,-1.37,1.11
2020,Keinan Davis,Aston Villa,F,FWC,341,2500000,0.2543557765893638,0.010779411939438432,0.26513518852880225,2.017813021011534,0.09957800873962697,2.117391029751161,-2.67,0.92
2020,Morgan Gibbs-White,Wolves,F,FWR,466,6000000,1.0043636588929221,-8.111278875730932e-4,1.003552531005349,1.939429018148454,0.15941177603963297,2.098840794188087,-1.9,0.75
2020,Joe Rodon,Tottenham,D,DC,797,10000000,0.3703747047111392,0.1396621618187055,0.5100368665298447,0.34336813633854035,1.737015029633767,2.0803831659723073,-1.89,0.6
2020,Bernard,Everton,F,FWL,506,12000000,1.5027131558163092,0.010453287744894624,1.5131664435612038,1.7335380327276653,0.3045866404718254,2.0381246731994906,-3.16,0.77
2020,Ben Johnson,West Ham,M,ML,586,3000000,1.327155972539913,0.018594648339785635,1.3457506208796985,1.180824547802331,0.8448655898828292,2.02569013768516,-2,0.75
2020,Kevin Long,Burnley,D,DC,684,1200000,-0.04559186805272475,0.29988550435518846,0.2542936363024637,0.3401640853699064,1.6769136166549288,2.017077702024835,-1.96,0.67
2020,Arthur Masuaku,West Ham,D,DL,1064,7500000,2.6792645734967664,-0.4466043365537189,2.2326602369430475,1.3854475487896707,0.6284425871272106,2.0138901359168813,-1.13,2.29
2020,Ibrahima Diallo,Southampton,M,MC,1129,15000000,0.62116123305168,-0.19292201788630337,0.42823921516537666,1.407071517809527,0.601704295433592,2.008775813243119,-0.85,1.14
2020,Tim Ream,Fulham,D,DC,672,800000,0.753413304395508,0.33437321841483936,1.0877865228103474,0.4772076115186792,1.5217645701923175,1.9989721817109967,-1.87,0.75
2020,Japhet Tanganga,Tottenham,D,DR,519,8000000,0.4927024657954462,0.03767419361975044,0.5303766594151966,0.8202674353378825,1.1626047441968694,1.982872179534752,-1.75,0.72
2020,Alex Oxlade-Chamberlain,Liverpool,M,MC,307,20000000,0.7888346716063097,-0.01318245189031586,0.7756522197159939,1.84606320837338,0.09811842524504755,1.9441816336184274,-3.53,0.41
2020,Jacob Ramsey,Aston Villa,M,MC,721,3500000,-0.2621788502437994,0.07083346298895776,-0.19134538725484163,1.0786296739097452,0.7807033208955545,1.8593329948052997,-1.88,0.77
2020,Virgil van Dijk,Liverpool,D,DC,393,70000000,1.2200748838949949,0.062373154796659946,1.2824480386916548,1.5984884024655912,0.2468587844778085,1.8453471869433997,-2.29,0.73
2020,Mat Ryan,Brighton,G,GK,1078,6000000,0.7405781821580604,0.04646021861117333,0.7870384007692337,0.30288470092637,1.530228642412112,1.833113343338482,,
2020,Jakub Moder,Brighton,M,ML,698,10000000,-0.21878243307583034,0.09570628148503602,-0.12307615159079432,1.1831576660479186,0.6358627782465192,1.8190204442944378,-2.13,0.86
2020,Javier Manquillo,Newcastle,D,DR,894,3000000,1.0239863882306963,0.117149448255077,1.1411358364857733,1.0207048907032004,0.7928685152728576,1.813573405976058,-2.42,1
2020,Cedric Soares,Arsenal,D,DL,804,6000000,1.451352852222044,-0.15728021692484617,1.2940726352971978,1.308816598408157,0.47372176955104806,1.782538367959205,-2.13,1.29
2020,Kiko Casilla,Leeds,G,GK,289,1000000,0.1821600606199354,0.24626596679445356,0.42842602741438895,0.1002360751881497,1.679538151161978,1.7797742263501277,,
2020,James McCarthy,Crystal Palace,M,MC,874,3500000,0.6802019050032831,0.37806473433738574,1.058266639340669,0.48077738053188657,1.277578688794165,1.7583560693260516,-1.45,0.45
2020,Ozan Kabak,Liverpool,D,DC,873,25000000,0.649828352034092,0.4075330597697757,1.0573614118038677,0.6742414905020269,1.0687718581029912,1.743013348605018,-1.44,1.08
2020,Carlos Vinicius,Tottenham,F,FWC,345,20000000,0.1102558255661279,-0.08379392337519675,0.02646190219093114,1.546803823148366,0.17203248097212054,1.7188363041204866,-2.81,0.78
2020,Marcal,Wolves,D,DL,698,1800000,0.8693030279828236,0.03004933806369081,0.8993523660465144,0.4249535696726525,1.2640891093033133,1.6890426789759658,,
2020,Marvelous Nakamba,Aston Villa,M,MC,804,8000000,0.40594505617627874,0.3414869105326943,0.747431966708973,0.5912160073348787,1.0759074938250706,1.6671235011599492,-1.7,0.36
2020,Calum Chambers,Arsenal,D,DR,813,12000000,0.6210041010053828,-0.006028400035575032,0.6149757009698078,0.7258204294630559,0.9411587190552382,1.666979148518294,-2.22,1.2
2020,Juan Mata,Man Utd,F,FWR,546,6000000,-0.060270598211578985,0.014888379839248955,-0.04538221837233003,1.3802215119115804,0.24380235499120317,1.6240238669027836,-3.28,0.69
2020,Takumi Minamino,Liverpool,M,MC,330,12000000,0.41194471588823944,0.022394549392629415,0.43433926528086886,1.4212926816253457,0.18798020979738794,1.6092728914227337,-4.84,1.3399999999999999
2020,Christian Fuchs,Leicester,D,DC,758,1000000,1.2579507802147418,-0.6200528265326284,0.6378979536821134,0.9236295545706525,0.6527061522065196,1.5763357067771722,-0.57,1.14
2020,Ki-Jana Hoever,Wolves,D,DR,635,7000000,0.30236581445205957,-0.08927510265493765,0.2130907117971219,0.7197060157341184,0.820004930064897,1.5397109457990155,-1.69,1.05
2020,Adrian,Liverpool,G,GK,291,1500000,0.18106180941686034,0.29762028786353767,0.478682097280398,0.09227464954892639,1.4386671064130496,1.530941755961976,,
2020,Robert Snodgrass,West Brom,M,MR,559,2000000,0.4300139583647251,-0.0663907679845579,0.3636231903801672,0.8924071241199272,0.62335447462101,1.5157615987409372,-1.99,0.57
2020,Max Lowe,Sheff Utd,M,ML,587,3500000,0.08641772117698565,-0.18919227190781385,-0.1027745507308282,0.29903866627137177,1.192024546500761,1.4910632127721328,-2.68,0.74
2020,Mark Noble,West Ham,M,MC,783,3000000,1.0494364750757814,0.10579438618151471,1.1552308612572961,0.9251965005806415,0.5655595296993852,1.4907560302800267,-1.32,0.59
2020,Bailey Peacock-Farrell,Burnley,G,GK,386,1000000,0.6431412217207253,0.11792650236748159,0.7610677240882069,0.14499497259384952,1.2864714946626918,1.4314664672565414,,
2020,Xherdan Shaqiri,Liverpool,M,MC,607,14000000,0.7671653030132876,0.019280997395981103,0.7864463004092687,1.2249636166538111,0.18106502265436575,1.406028639308177,-2.7,1.23
2020,Ainsley Maitland-Niles,Arsenal,M,MR,532,18000000,0.2728597284294665,-0.06604078866075724,0.20681893976870924,0.6203730031556915,0.7347907153016422,1.3551637184573337,-3.55,2.99
2020,Jean-Philippe Mateta,Crystal Palace,F,FWC,244,15000000,0.3452988570788875,-0.05794958822662011,0.2873492688522674,1.259982747666072,0.09490646079939324,1.3548892084654653,,
2020,Alex Telles,Man Utd,D,DL,737,28000000,1.7254128960445523,-0.13858922565123066,1.5868236703933216,0.334577499753912,0.9020485498185735,1.2366260495724855,-2.1,1.32
2020,Joseph Gomez,Liverpool,D,DC,638,35000000,1.302934066974558,-0.3560835861135274,0.9468504808610305,0.7481876478996128,0.4476960639876779,1.1958837118872907,-2.03,0.98
2020,Andriy Yarmolenko,West Ham,M,MR,436,5000000,0.284391055106651,0.06836429756367579,0.3527553526703268,1.0201724361297675,0.14606645380263217,1.1662388899323997,-3.08,0.89
2020,Mat Ryan,Arsenal,G,GK,298,6000000,0.19170124118681997,0.2542709178524092,0.44597215903922915,0.09444966727460269,1.0707475262752268,1.1651971935498295,,
2020,Dale Stephens,Burnley,M,MC,286,3000000,0.15887145389569923,0.09180013963486999,0.2506715935305692,0.7395383498078445,0.34587803232716396,1.0854163821350085,-1.62,0.28
2020,Hamza Choudhury,Leicester,M,MC,346,8000000,-0.1106735153007321,-0.13837428070837632,-0.24904779600910842,0.6746026478358544,0.3844898737006588,1.0590925215365132,-1.74,0.32
2020,Vitinha,Wolves,F,FWC,591,6000000,-0.32516375920409335,-0.051758427696768194,-0.37692218690086154,0.9199929531457601,0.11061426301603206,1.0306072161617923,-1.8,0.85
2020,Jamie Shackleton,Leeds,M,MC,503,2500000,0.11242245725588873,0.1255282565834932,0.23795071383938193,0.3775685405853437,0.6509223140310496,1.0284908546163933,-2.37,0.38
2020,Ryan Fraser,Newcastle,F,FWC,1062,12000000,0.016071059769019458,-0.1763423647498712,-0.16027130498085168,0.5051744063373189,0.5164713868725812,1.0216457932099001,-1.98,1.96
2020,Cengiz Under,Leicester,F,FWR,369,20000000,0.6786184200868011,-0.07296754192793742,0.6056508781588636,0.9156454848820577,0.10528824146604165,1.0209337263480993,-2.09,0.97
2020,James Tomkins,Crystal Palace,D,DC,598,3000000,0.36519176745787263,-0.5655977958231233,-0.20040602836525068,0.6127070684742648,0.4069995557802031,1.019706624254468,-2.09,0.54
2020,Divock Origi,Liverpool,F,FWC,215,16000000,-0.277511426480487,-0.040488733211532235,-0.3180001596920192,0.7143948084267322,0.1608708201092668,0.875265628535999,,
2020,Marek Rodak,Fulham,G,GK,187,6000000,0.08356103044934571,0.14998744428157806,0.23354847473092377,0.02999352928600274,0.8331007232773118,0.8630942525633145,,
2020,Josh Onomah,Fulham,F,FWC,401,6000000,-0.02082170022185892,-0.017952248745132238,-0.038773948966991156,0.6854288700706093,0.17616331965837162,0.8615921897289809,-2.72,0.41
2020,Owen Otasowie,Wolves,F,FWR,209,1500000,-0.3399246255867183,0.03035795607138425,-0.30956666951533407,0.6764607889926992,0.1530428287369432,0.8295036177296424,,
2020,Darren Randolph,West Ham,G,GK,288,1500000,0.21150786546058953,0.08575787104200572,0.29726573650259525,0.08155235776212066,0.7474149296031101,0.8289672873652307,,
2020,Denis Odoi,Fulham,D,DC,289,1000000,0.3691618825541809,0.062092451320495456,0.4312543338746764,0.3525406044936972,0.4614612534205662,0.8140018579142634,-1.82,0.47
2020,Axel Tuanzebe,Man Utd,D,DC,442,8000000,0.3086632524500601,-0.649407280026935,-0.34074402757687494,0.22714445246674586,0.5466340455895988,0.7737784980563447,-2.7,0.31
2020,Michael Hector,Fulham,D,DC,284,4000000,0.4227285555098206,-0.08544644800713286,0.3372821075026877,0.309442103272886,0.4549830731266411,0.7644251763995271,-1.9,0.59
2020,Phil Jagielka,Sheff Utd,D,DC,608,300000,0.3046128477435559,-0.9284624352585524,-0.6238495875149965,0.26638225684291683,0.48382115675485693,0.7502034135977738,-2.86,0.37
2020,Caoimhin Kelleher,Liverpool,G,GK,193,2500000,0.11396677570883185,0.19315716426353902,0.30712393997237086,0.05334476513962727,0.6741252647334477,0.727470029873075,,
2020,Davy Propper,Brighton,M,MC,228,8000000,0.03033503075130284,0.047573059739079326,0.07790809049038216,0.5925643036898691,0.10405337433621753,0.6966176780260867,,
2020,Lee Peltier,West Brom,D,DR,247,600000,0.23029649525415152,0.1856194157153368,0.4159159109694883,0.1685565929801669,0.5189161057205638,0.6874726987007307,,
2020,Jack O'Connell,Sheff Utd,D,DC,195,7000000,0.11939125414937735,0.054915437765885144,0.1743066919152625,0.0847506951977266,0.5201819571811939,0.6049326523789205,,
2020,Matthew Longstaff,Newcastle,M,MC,402,5000000,0.09933265490364283,0.18592280917800963,0.2852554640816525,0.23013168296567166,0.3727895556221483,0.60292123858782,-1.89,0.1
2020,Morgan Sanson,Aston Villa,M,MC,327,18000000,0.19406567756459117,-0.03266039671143517,0.161405280853156,0.4127647991067497,0.1282621158316033,0.541026914938353,-2.82,0.31
2020,Eric Garcia,Man City,D,DC,421,20000000,0.9576758444309235,-0.30473519110819325,0.6529406533227302,0.6759492782439338,-0.14560929489380214,0.5303399833501317,-1.79,0.73
2020,Joseph Willock,Arsenal,F,FWC,271,16000000,-0.2796480021206662,-0.0960730857332237,-0.3757210878538899,0.2723256448225584,0.2570543018373428,0.5293799466599012,-0.04,2.95
2020,Phil Bardsley,Burnley,D,DR,299,400000,0.42888497468084097,-0.18880087218713015,0.24008410249371082,0.32228210421453696,0.18744787544710562,0.5097299796616426,-1.98,0.43
2020,Brandon Williams,Man Utd,D,DR,213,10000000,0.29392302490305156,-0.10984425549395382,0.18407876940909773,0.29391189085436054,0.19718724240374286,0.4910991332581034,,
2020,Fabian Delph,Everton,M,MC,297,5000000,0.483569941483438,-0.06549778999760747,0.41807215148583055,0.23571755837474484,0.24735575626255013,0.48307331463729497,-1.51,0.39
2020,Will Norris,Burnley,G,GK,193,250000,0.4135812622262165,0.07106721750460565,0.48464847973082215,0.06887416972313076,0.2191617399075767,0.28803590963070747,,
2020,William Smallbone,Southampton,M,MR,182,2500000,-0.040750151325482875,0.015311638009734452,-0.025438513315748423,0.10122531266824808,0.14082230237545446,0.24204761504370254,,
2020,Lys Mousset,Sheff Utd,F,FWC,342,10000000,-0.3637361265718937,-0.07549692771863192,-0.4392330542905256,0.1495838143164292,0.0415200943389209,0.1911039086553501,-3.13,0.46
2020,Neco Williams,Liverpool,D,DR,264,10000000,0.18893063568975776,-0.672305608575698,-0.4833749728859402,0.3464217252767412,-0.1714063343097223,0.1750153909670189,,
2020,Mamadou Sakho,Crystal Palace,D,DC,305,7000000,0.17447592585813254,-0.7023614083882421,-0.5278854825301096,0.2355168760404922,-0.20739119513018522,0.028125680910306983,-2.37,0.26
2020,Billy Gilmour,Chelsea,M,MC,285,7000000,0.005256480537354946,-0.5078555563814007,-0.5025990758440457,0.38124761427752674,-0.3705293365055695,0.010718277771957219,-1.94,0.05
2020,Sebastien Haller,West Ham,,,,,,,,,,,-1.51,2.08
2020,Bobby De Cordova-Reid,Fulham,,,,,,,,,,,1.58,4.64
2020,Filip Krovinovic,West Brom,,,,,,,,,,,-2.2,0.93
2020,Aboubakar Kamara,Fulham,,,,,,,,,,,-3.5,0.43
2020,DeAndre Yedlin,Newcastle,,,,,,,,,,,-2.41,0.44
2020,Josh Benson,Burnley,,,,,,,,,,,-2.35,0.29
