.pred,idx,created_at,status_id,tm_h,tm_a,text,favorite_count,retweet_count,favorite_count_log
14.78609555207495,1,2020-01-18T19:26:33Z,1218615679294885888,Newcastle,Chelsea,Newcastle (1.04) 1-0 (2.11) Chelsea ⭐️,5,2,1.791759469228055
67.99779810665562,2,2020-02-17T21:56:25Z,1229525028947013634,Chelsea,Man United,⭐️ Chelsea (1.02) 0-2 (0.64) Man United,301,55,5.71042701737487
19.241549506770664,3,2020-02-22T15:04:08Z,1231233213705658368,Chelsea,Tottenham,⭐️ Chelsea (1.70) 2-1 (0.27) Spurs,22,2,3.1354942159291497
33.974920000507446,4,2020-02-23T18:34:08Z,1231648453597564930,Arsenal,Everton,Arsenal (1.35) 3-2 (2.13) Everton ⭐️,27,1,3.332204510175204
31.926858184958157,5,2020-02-24T22:02:31Z,1232063279826116608,Liverpool,West Ham,⭐️ Liverpool (2.38) 3-2 (0.68) West Ham,25,3,3.258096538021482
27.36669646623719,6,2020-02-27T08:10:46Z,1232941129802403840,Real Madrid,Man City,Real Madrid (1.14) 1-2 (3.17) Man City ⭐️,25,4,3.258096538021482
20.264018514780705,7,2020-02-27T08:10:59Z,1232941180733861889,Lyon,Juventus,Lyon (1.07) 1-0 (1.09) Juventus ⭐️,45,6,3.828641396489095
14.890175982376647,8,2020-02-27T23:30:25Z,1233172563834081280,Arsenal,Olympiakos,⭐️ Arsenal (2.19) 1-2 (1.50) Olympiakos,14,0,2.70805020110221
19.719983150730528,9,2020-02-28T21:55:17Z,1233511010528526336,Norwich,Leicester,Norwich (0.57) 1-0 (1.44) Leicester ⭐️,23,0,3.1780538303479458
53.4120094949909,10,2020-02-29T20:36:24Z,1233853548355575809,Watford,Liverpool,⭐️ Watford (2.73) 3-0 (0.20) Liverpool,74,19,4.31748811353631
8.739681342332837,11,2020-03-01T16:11:28Z,1234149264131022849,Everton,Man United,⭐️ Everton (2.10) 1-1 (1.13) Man Utd,10,3,2.3978952727983707
19.7194842138147,12,2020-03-01T16:12:23Z,1234149493546897411,Tottenham,Wolves,Tottenham (1.63) 2-3 (2.62) Wolves ⭐️,11,0,2.4849066497880004
14.155373853049868,13,2020-03-07T18:27:54Z,1236357925964320768,Liverpool,B’mouth,⭐️ Liverpool (1.92) 2-1 (1.63) B’mouth,7,0,2.0794415416798357
15.58527198743819,14,2020-03-07T18:28:54Z,1236358175114362882,Arsenal,West Ham,Arsenal (1.53) 1-0 (1.62) West Ham ⭐️,13,1,2.6390573296152584
19.309613223069867,15,2020-03-08T16:03:55Z,1236684078411284480,Chelsea,Everton,⭐️ Chelsea (2.17) 4-0 (0.51) Everton,20,0,3.044522437723423
31.79072441884791,16,2020-03-08T18:25:01Z,1236719586734727168,Man United,Man City,⭐️ Man Utd (1.43) 2-0 (0.75) Man City,29,6,3.4011973816621555
16.102988035805957,17,2020-03-09T22:13:58Z,1237139590932246529,Leicester,A Villa,⭐️ Leicester (2.31) 4-0 (0.67) A Villa,14,0,2.70805020110221
35.9348979125184,18,2020-03-10T21:51:52Z,1237496420896329729,RB Leipzig,Tottenham,Leipzig (0.97) 3-0 (0.15) Tottenham,22,8,3.1354942159291497
70.00373674007787,19,2020-03-12T09:32:12Z,1238035053210406912,Liverpool,Atletico,Liverpool (3.47) 2-3 (1.18) Atletico,57,10,4.060443010546419
23.238470823482192,20,2020-03-12T20:23:55Z,1238199061930524676,LASK,Man United,LASK (0.49) 0-5 (3.14) Man Utd,15,0,2.772588722239781
68.5256260012396,21,2020-03-14T17:57:50Z,1238887073463054337,S’hampton,Man City https://t.co/O1rv9P740y,S’hampton (3.72) 4-4 (4.19) Man City https://t.co/O1rv9P740y,105,11,4.663439094112067
17.95911959493731,22,2020-05-16T15:57:07Z,1261687128901275649,Dortmund,Schalke,Dortmund (1.59) 4-0 (0.40) Schalke,25,1,3.258096538021482
19.99456513857361,23,2020-05-23T15:27:57Z,1264216506147233792,Wolfsburg,Dortmund,Wolfsburg (0.55) 0-2 (0.84) Dortmund,15,1,2.772588722239781
53.0036340763731,24,2020-05-24T18:15:23Z,1264621030934446089,Mainz,RB Leipzig,Mainz (0.31) 0-5 (5.33) Leipzig,44,2,3.8066624897703196
19.44473167026864,25,2020-05-24T18:16:16Z,1264621250107912192,Cologne,Düsseldorf,Cologne (2.27) 2-2 (0.45) Düsseldorf,13,0,2.6390573296152584
24.821835332440497,26,2020-05-26T18:21:44Z,1265347403454066698,Dortmund,Bayern Munich,Dortmund (0.56) 0-1 (0.71) Bayern Munich,23,2,3.1780538303479458
76.0812145222049,27,2020-05-26T20:26:03Z,1265378686112579586,Frankfurt,Freiburg,Frankfurt (4.28) 3-3 (0.75) Freiburg,151,16,5.0238805208462765
28.66001472880206,28,2020-05-27T19:18:56Z,1265724185181118466,RB Leipzig,Hertha Berlin,Leipzig (0.61) 2-2 (1.87) Hertha Berlin,19,2,2.995732273553991
26.810468423896083,29,2020-06-05T20:22:49Z,1269001752822546440,Freiburg,Mönchengladbach,Freiburg (1.13) 1-0 (2.37) Mönchengladbach,31,3,3.4657359027997265
42.32064505617111,30,2020-06-07T19:24:12Z,1269711777014710273,Union Berlin,Schalke,Union Berlin (2.87) 1-1 (0.14) Schalke,51,4,3.9512437185814275
21.043679631459344,31,2020-06-11T22:02:05Z,1271201061718687744,Sevilla,Real Betis,Sevilla (2.14) 2-0 (0.50) Real Betis,31,2,3.4657359027997265
25.377861323149116,32,2020-06-14T19:42:40Z,1272253138075090948,Real Madrid,Eibar,Real Madrid (0.91) 3-1 (0.51) Eibar,28,2,3.367295829986474
16.07943533483157,33,2020-06-17T18:56:07Z,1273328589208014850,Aston Villa,Sheffield Utd,Aston Villa (1.41) 0-0 (0.36) Sheffield Utd,17,4,2.8903717578961645
43.85869066883192,34,2020-06-17T21:18:46Z,1273364487911899141,Man City,Arsenal,Man City (2.68) 3-0 (0.65) Arsenal,34,1,3.5553480614894135
12.547162172106479,35,2020-06-19T18:53:46Z,1274052771189227523,Norwich,Southampton,Norwich (0.62) 0-3 (1.81) Southampton,12,0,2.5649493574615367
52.4618917918419,36,2020-06-19T19:56:30Z,1274068561523343360,Sochi,Rostov,Sochi (6.51) 10-1 (0.09) Rostov,49,12,3.912023005428146
41.368993408216504,37,2020-06-19T21:11:31Z,1274087440576282625,Tottenham,Man United,Tottenham (0.46) 1-1 (1.62) Man United,38,6,3.6635616461296463
36.92490263168364,38,2020-06-19T21:58:19Z,1274099218114842625,Sevilla,Barcelona,Sevilla (0.81) 0-0 (0.62) Barcelona,21,6,3.091042453358316
21.17819612374175,39,2020-06-20T13:34:26Z,1274334797029089280,Watford,Leicester,Watford (1.67) 1-1 (0.98) Leicester,24,3,3.2188758248682006
36.48659427933714,40,2020-06-20T16:06:04Z,1274372958799233025,Brighton,Arsenal,Brighton (0.74) 2-1 (0.69) Arsenal,42,4,3.7612001156935624
29.96550137389021,41,2020-06-20T20:28:40Z,1274439042256510977,Torino,Parma,Torino (2.87) 1-1 (0.29) Parma,22,1,3.1354942159291497
122.93018227936427,42,2020-06-21T12:58:17Z,1274688088330186757,Cardiff,Leeds,Cardiff (0.28) 2-0 (2.05) Leeds,279,46,5.634789603169249
18.760858474545255,43,2020-06-21T15:00:27Z,1274718833836687361,Newcastle,Sheffield Utd,Newcastle (2.11) 3-0 (0.70) Sheffield Utd,23,2,3.1780538303479458
26.37161848211882,44,2020-06-21T17:17:20Z,1274753280028147713,Aston Villa,Chelsea,Aston Villa (1.64) 1-2 (1.37) Chelsea,41,5,3.7376696182833684
35.90026268631093,45,2020-06-21T19:51:28Z,1274792068137783297,Everton,Liverpool,Everton (0.84) 0-0 (0.65) Liverpool,45,7,3.828641396489095
22.728656089326,46,2020-06-22T19:44:23Z,1275152672715345923,Villarreal,Sevilla,Villarreal (1.10) 2-2 (1.49) Sevilla,14,1,2.70805020110221
59.34327425586784,47,2020-06-22T21:02:25Z,1275172311231008775,Man City,Burnley,Man City (2.37) 5-0 (0.03) Burnley,59,3,4.0943445622221
42.16413232222591,48,2020-06-24T19:21:49Z,1275871770399170562,Man United,Sheffield Utd,Man Utd (2.59) 3-0 (0.10) Sheffield Utd,63,1,4.1588830833596715
15.045138135645722,49,2020-06-24T19:22:30Z,1275871944500547584,Norwich,Everton,Norwich (0.50) 0-1 (0.72) Everton,13,0,2.6390573296152584
30.72821942774228,50,2020-06-24T22:22:25Z,1275917221647339520,Liverpool,C Palace,Liverpool (2.77) 4-0 (0.08) C Palace,25,3,3.258096538021482
28.261674985369318,51,2020-06-24T22:24:23Z,1275917716382253056,Inter Milan,Sassuolo,Inter Milan (2.98) 3-3 (1.95) Sassuolo,25,1,3.258096538021482
22.89683704601763,52,2020-06-25T19:07:47Z,1276230626358763526,Southampton,Arsenal,Southampton (0.88) 0-2 (2.35) Arsenal,27,4,3.332204510175204
116.70711277305051,53,2020-06-25T21:21:15Z,1276264214286479360,Chelsea,Man City,Chelsea (3.36) 2-1 (0.55) Man City,117,21,4.770684624465665
24.478845516525453,54,2020-06-27T13:30:20Z,1276870479505219590,Aston Villa,Wolves,Aston Villa (0.67) 0-1 (0.58) Wolves,29,4,3.4011973816621555
67.13238924020655,55,2020-06-27T15:26:00Z,1276899591607267328,Dortmund,Hoffenheim,Dortmund (0.18) 0-4 (3.66) Hoffenheim,44,3,3.8066624897703196
26.871629303285115,56,2020-06-27T17:22:45Z,1276928971427414016,Celta Vigo,Barcelona,Celta Vigo (2.01) 2-2 (2.09) Barcelona,41,2,3.7376696182833684
41.00357869920364,57,2020-06-28T14:01:11Z,1277240632130625537,Sheffield Utd,Arsenal,Sheffield Utd (1.88) 1-2 (1.41) Arsenal,27,3,3.332204510175204
11.069724925349597,58,2020-06-28T17:25:32Z,1277292057384620033,Watford,Southampton,Watford (0.81) 1-3 (1.12) Southampton,10,0,2.3978952727983707
33.279542904301756,59,2020-06-29T20:56:38Z,1277707570183131136,C Palace,Burnley,C Palace (1.52) 0-1 (0.43) Burnley,37,1,3.6375861597263857
32.88469792594641,60,2020-06-30T20:25:15Z,1278062063605121025,Mallorca,Celta Vigo,Mallorca (1.61) 5-1 (1.66) Celta Vigo,55,9,4.02535169073515
30.68967853942873,61,2020-06-30T20:44:08Z,1278066815399313410,Leeds,Luton,Leeds (1.69) 1-1 (0.20) Luton,34,2,3.5553480614894135
24.70990277778831,62,2020-07-01T18:55:32Z,1278401870671810561,Arsenal,Norwich,Arsenal (1.76) 4-0 (0.27) Norwich,12,1,2.5649493574615367
10.829594731465367,63,2020-07-01T18:57:03Z,1278402252802269184,Bournemouth,Newcastle,Bournemouth (1.22) 1-4 (1.53) Newcastle,16,2,2.833213344056216
38.11375142182125,64,2020-07-01T21:11:51Z,1278436177876520963,West Ham,Chelsea,West Ham (1.88) 3-2 (1.54) Chelsea,37,1,3.6375861597263857
30.622054338743684,65,2020-07-01T21:13:36Z,1278436618794414082,Inter Milan,Brescia,Inter Milan (3.82) 6-0 (0.31) Brescia,18,0,2.9444389791664403
17.230924958012864,66,2020-07-02T19:55:57Z,1278779465003393025,Sheffield Utd,Tottenham,Sheffield Utd (1.38) 3-1 (1.10) Tottenham,10,1,2.3978952727983707
79.22963341036538,67,2020-07-02T21:09:51Z,1278798063151259648,Man City,Liverpool,Man City (3.26) 4-0 (0.63) Liverpool,84,6,4.442651256490317
23.99031762421539,68,2020-07-04T13:33:16Z,1279407934083137537,Derby,Notts Forest,Derby (1.71) 1-1 (0.44) Notts Forest,13,2,2.6390573296152584
42.543183342848316,69,2020-07-04T16:07:43Z,1279446801783967746,Man United,Bournemouth,Man Utd (2.60) 5-2 (1.54) Bournemouth,52,6,3.970291913552122
18.874146152066,70,2020-07-04T19:20:57Z,1279495431760814082,Wolves,Arsenal,Wolves (1.05) 0-2 (1.24) Arsenal,13,2,2.6390573296152584
83.785416946977,71,2020-07-04T21:06:52Z,1279522088320143361,Chelsea,Watford,Chelsea (2.81) 3-0 (0.59) Watford,101,11,4.624972813284271
30.5744494641331,72,2020-07-05T17:24:43Z,1279828568911028230,Liverpool,Aston Villa,Liverpool (0.97) 2-0 (0.62) Aston Villa,26,0,3.295836866004329
219.38399068006356,73,2020-07-05T19:55:47Z,1279866586627821568,Southampton,Man City,Southampton (0.61) 1-0 (3.79) Man City,879,120,6.779921907472252
84.32507324972768,74,2020-07-05T20:49:56Z,1279880214265368580,Southampton,Gabriel Jesus,Southampton (0.61) 1-0 (1.59) Gabriel Jesus,271,20,5.605802066295998
62.04684257808253,75,2020-07-06T20:56:09Z,1280244166837010435,Tottenham,Everton,Tottenham (0.62) 1-0 (0.53) Everton,57,4,4.060443010546419
56.73947633834393,76,2020-07-07T19:01:20Z,1280577657537802242,C Palace,Chelsea,C Palace (1.36) 2-3 (2.24) Chelsea,30,3,3.4339872044851463
24.073105993797284,77,2020-07-07T19:03:41Z,1280578249098223617,Watford,Norwich,Watford (0.85) 2-1 (1.27) Norwich,18,3,2.9444389791664403
45.278035081014586,78,2020-07-07T20:38:52Z,1280602205058449412,Lecce,Lazio,Lecce (2.34) 2-1 (1.98) Lazio,13,1,2.6390573296152584
119.55086973259924,79,2020-07-07T21:14:06Z,1280611070466560000,Arsenal,Leicester,Arsenal (1.06) 1-1 (1.06) Leicester,159,16,5.075173815233827
37.692428696255504,80,2020-07-08T19:24:24Z,1280945849904902150,Man City,Newcastle,Man City (3.07) 5-0 (0.26) Newcastle,26,1,3.295836866004329
43.40373186171852,81,2020-07-08T19:27:03Z,1280946520112664576,West Ham,Burnley,West Ham (2.53) 0-1 (0.95) Burnley,72,8,4.290459441148391
231.28922737137736,82,2020-07-08T21:12:56Z,1280973164428886016,Brighton,Liverpool,Brighton (2.94) 1-3 (1.81) Liverpool,327,50,5.793013608384144
34.974836223021775,83,2020-07-08T22:36:57Z,1280994306807996420,Barcelona,Espanyol,Barcelona (1.04) 1-0 (0.90) Espanyol,23,3,3.1780538303479458
83.19551959519617,84,2020-07-09T17:55:51Z,1281285953307500556,Leeds,Stoke,Leeds (3.90) 5-0 (0.23) Stoke,85,3,4.454347296253507
26.733653897307722,85,2020-07-09T18:56:17Z,1281301162097094663,Everton,Southampton,Everton (0.76) 1-1 (2.17) Southampton,23,2,3.1780538303479458
53.87099340735049,86,2020-07-09T19:03:29Z,1281302975235993604,Bournemouth,Tottenham,Bournemouth (1.44) 0-0 (0.63) Tottenham,87,19,4.477336814478207
74.19333805438004,87,2020-07-09T21:15:44Z,1281336257541484544,Aston Villa,Man United,Aston Villa (0.41) 0-3 (2.43) Man Utd,43,3,3.784189633918261
85.26394862742887,88,2020-07-11T13:30:18Z,1281943901876649984,Norwich,West Ham,Norwich (0.64) 0-4 (4.19) West Ham,86,6,4.465908118654584
42.2740991138814,89,2020-07-11T16:04:16Z,1281982648932540417,Liverpool,Burnley,Liverpool (1.96) 1-1 (0.76) Burnley,29,1,3.4011973816621555
91.28911331243441,90,2020-07-11T18:43:56Z,1282022829907677191,Sheffield Utd,Chelsea,Sheffield Utd (2.20) 3-0 (1.31) Chelsea,62,3,4.143134726391533
218.14420351297025,91,2020-07-11T21:07:27Z,1282058949861277697,Brighton,Man City,Brighton (0.09) 0-5 (4.78) Man City,163,9,5.099866427824199
93.3955502285805,92,2020-07-12T12:58:09Z,1282298200506892290,Wolves,Everton,Wolves (3.21) 3-0 (0.28) Everton,86,6,4.465908118654584
26.545214005559032,93,2020-07-12T16:01:00Z,1282344217038278658,Aston Villa,C Palace,Aston Villa (1.59) 2-0 (0.78) C Palace,23,1,3.1780538303479458
63.26881320274501,94,2020-07-12T17:24:07Z,1282365130777526274,Tottenham,Arsenal,Tottenham (1.26) 2-1 (0.75) Arsenal,70,9,4.2626798770413155
50.131624527356266,95,2020-07-12T20:32:23Z,1282412513359998977,Bournemouth,Leicester,Bournemouth (2.71) 4-1 (1.25) Leicester,56,2,4.04305126783455
136.07875183427632,96,2020-07-13T21:11:14Z,1282784674331451394,Man United,Southampton,Man Utd (1.40) 2-2 (1.83) Southampton,166,26,5.117993812416755
131.03501215876153,97,2020-07-13T21:56:45Z,1282796133102821376,Granada,Real Madrid,Granada (1.32) 1-2 (0.47) Real Madrid,170,23,5.14166355650266
104.73362971039421,98,2020-07-14T18:54:39Z,1283112692778184707,FT: Wigan,Hull,FT: Wigan (1.71) 8-0 (0.92) Hull,278,36,5.631211781821365
219.46555349534276,99,2020-07-14T21:08:52Z,1283146468593893377,Chelsea,Norwich,Chelsea (3.22) 1-0 (0.05) Norwich,276,32,5.6240175061873385
137.92652260128312,100,2020-07-14T21:38:57Z,1283154039585243138,Atalanta,Brescia,Atalanta (1.83) 6-2 (0.80) Brescia,129,14,4.867534450455582
263.55525592420855,101,2020-07-15T18:56:50Z,1283475631133675520,Man City,Bournemouth,Man City (0.54) 2-1 (1.93) Bournemouth,861,90,6.759255270663693
26.448706376296183,102,2020-07-15T19:00:05Z,1283476446091116550,Burnley,Wolves,Burnley (1.61) 1-1 (1.50) Wolves,19,0,2.995732273553991
41.412897295523685,103,2020-07-15T19:01:13Z,1283476732813729792,Newcastle,Tottenham,Newcastle (1.42) 1-3 (1.33) Tottenham,69,5,4.248495242049359
600.1088628864342,104,2020-07-15T21:09:04Z,1283508908317966338,Arsenal,Liverpool,Arsenal (0.92) 2-1 (2.87) Liverpool,1018,106,6.926577033222725
80.29314960636657,105,2020-07-15T22:05:01Z,1283522988701351936,Sassuolo,Juventus,Sassuolo (1.85) 3-3 (2.64) Juventus,53,1,3.9889840465642745
18.927305770703242,106,2020-07-16T20:29:41Z,1283861381628993554,Everton,Aston Villa,Everton (0.87) 1-1 (1.31) Aston Villa,12,1,2.5649493574615367
33.90179969001469,107,2020-07-16T20:31:01Z,1283861719304077312,Leicester,Sheffield Utd,Leicester (2.91) 2-0 (0.97) Sheffield Utd,18,1,2.9444389791664403
63.66604022891069,108,2020-07-16T21:21:35Z,1283874442804957185,Southampton,Brighton,Southampton (2.52) 1-1 (0.85) Brighton,50,2,3.9318256327243257
72.4464779362737,109,2020-07-16T21:54:57Z,1283882841596669957,Barcelona,Osasuna,Barcelona (1.21) 1-2 (0.75) Osasuna,38,4,3.6635616461296463
53.86209818872519,110,2020-07-16T22:02:48Z,1283884819198488579,C Palace,Man United,C Palace (0.69) 0-2 (2.13) Man Utd,101,7,4.624972813284271
74.70846610406457,111,2020-07-17T20:57:43Z,1284230825068855296,West Ham,Watford,West Ham (0.93) 3-1 (1.72) Watford,88,8,4.48863636973214
191.0372715823615,112,2020-07-18T20:42:03Z,1284589270880129024,Arsenal,Man City,Arsenal (1.29) 2-0 (1.44) Man City,226,30,5.424950017481403
38.958862016579914,113,2020-07-19T15:08:26Z,1284867703631740930,Bournemouth,Southampton,Bournemouth (0.62) 0-2 (2.67) Southampton,50,5,3.9318256327243257
42.999048337431724,114,2020-07-19T16:04:01Z,1284881691492974597,Barnsley,Notts Forest,Barnsley (2.95) 1-0 (0.88) Notts Forest,22,1,3.1354942159291497
94.17097679852345,115,2020-07-19T19:05:50Z,1284927444802252800,Man United,Chelsea,Man Utd (1.12) 1-3 (1.89) Chelsea,102,12,4.634728988229636
66.4764495029255,116,2020-07-20T18:59:18Z,1285288189960359942,Sheffield Utd,Everton,Sheffield Utd (0.50) 0-1 (0.51) Everton,70,2,4.2626798770413155
78.20823938754044,117,2020-07-21T18:54:25Z,1285649347175165955,Watford,Man City,Watford (0.37) 0-4 (3.25) Man City,57,3,4.060443010546419
74.40100949500092,118,2020-07-21T21:08:39Z,1285683127579549697,Aston Villa,Arsenal,Aston Villa (0.71) 1-0 (0.96) Arsenal,54,2,4.007333185232471
50.29524152288809,119,2020-07-22T19:33:57Z,1286021684395466753,Man United,West Ham,Man Utd (1.14) 1-1 (1.59) West Ham,57,7,4.060443010546419
646.4771452850963,120,2020-07-22T21:10:29Z,1286045977837809668,Liverpool,Chelsea,Liverpool (1.32) 5-3 (2.57) Chelsea,1536,322,7.337587743538596
587.9468564017754,121,2020-07-26T16:59:16Z,1287432311076773889,Arsenal,Watford,Arsenal (1.84) 3-2 (4.17) Watford,1018,186,6.926577033222725
49.00315032679652,122,2020-07-26T16:59:54Z,1287432470359670786,C Palace,Tottenham,C Palace (1.32) 1-1 (0.38) Tottenham,26,1,3.295836866004329
34.74415252901597,123,2020-07-26T17:00:24Z,1287432593240133632,Leicester,Man United,Leicester (0.81) 0-1 (1.40) Man Utd,30,0,3.4339872044851463
66.88702748514488,124,2020-07-26T17:01:29Z,1287432866150973441,Newcastle,Liverpool,Newcastle (0.55) 1-3 (0.64) Liverpool,27,5,3.332204510175204
74.57540801678088,125,2020-07-26T17:02:25Z,1287433102252552192,Chelsea,Wolves,Chelsea (1.55) 2-0 (0.41) Wolves,70,6,4.2626798770413155
395.4534878024523,126,2020-08-01T18:35:36Z,1289630878818357249,Arsenal,Chelsea,Arsenal (1.71) 2-1 (0.86) Chelsea,462,86,6.137727054086234
189.81168198759156,127,2020-08-04T21:29:50Z,1290761890549858310,Brentford,Fulham,Brentford (1.44) 1-2 (1.13) Fulham,194,7,5.272999558563747
90.99078981247979,128,2020-08-06T21:12:17Z,1291482251033751552,Wolves,Olympiakos,Wolves (2.32) 1-0 (1.46) Olympiakos,96,8,4.574710978503383
175.9730983093513,129,2020-08-07T20:55:14Z,1291840348575207424,Man City,Real Madrid,Man City (1.87) 2-1 (0.81) Real Madrid,235,14,5.4638318050256105
119.33240208820165,130,2020-08-07T21:14:20Z,1291845153821462530,Juventus,Lyon,Juventus (2.84) 2-1 (1.10) Lyon,87,9,4.477336814478207
285.4235492666706,131,2020-08-08T20:54:22Z,1292202514796949515,Bayern Munich,Chelsea,Bayern (3.26) 4-1 (1.14) Chelsea,160,10,5.081404364984463
500.70597466783505,132,2020-08-08T21:07:33Z,1292205833183428609,Barcelona,Napoli,Barcelona (1.17) 3-1 (2.38) Napoli,681,96,6.525029657843462
210.9979156361033,133,2020-08-10T20:56:23Z,1292927801516077062,Inter Milan,Leverkusen,Inter Milan (3.17) 2-1 (0.72) Leverkusen,208,14,5.342334251964811
471.538939573771,134,2020-08-10T21:39:56Z,1292938760527765512,Man United,Copenhagen,Man Utd (3.69) 1-0 (0.77) Copenhagen,457,50,6.126869184114185
280.62458695386454,135,2020-08-11T20:55:53Z,1293290063556681729,Shakhtar,Basel,Shakhtar (1.70) 4-1 (2.08) Basel,318,36,5.765191102784844
110.16527806940195,136,2020-08-11T20:56:44Z,1293290273636835328,Wolves,Sevilla,Wolves (1.26) 0-1 (1.35) Sevilla,87,7,4.477336814478207
479.3327090875122,137,2020-08-12T21:01:05Z,1293653757708906497,Atalanta,PSG,Atalanta (0.58) 1-2 (3.29) PSG,450,116,6.111467339502679
295.41161984722555,138,2020-08-13T20:59:05Z,1294015642044116994,RB Leipzig,Atletico,RB Leipzig (1.18) 2-1 (1.18) Atletico,448,54,6.1070228877422545
1279.3388479542916,139,2020-08-14T20:50:02Z,1294375754596339716,Barcelona,Bayern Munich,Barcelona (1.04) 2-8 (5.59) Bayern,1641,259,7.403670290012373
1030.4026250617205,140,2020-08-15T20:58:48Z,1294740345436209153,Man City,Lyon,Man City (3.06) 1-3 (0.83) Lyon,3572,423,8.181160858023409
739.9333187736243,141,2020-08-16T09:26:25Z,1294928491851534337,Raheem Sterling,Lyon,Raheem Sterling (1.34) 0-3 (0.83) Lyon,1189,141,7.081708586105575
519.7035280434529,142,2020-08-16T20:56:07Z,1295102061143629824,Sevilla,Man United,Sevilla (1.37) 2-1 (2.69) Man Utd,605,100,6.406879986069314
234.5071908649591,143,2020-08-17T21:29:34Z,1295472867245727744,Inter Milan,Shakhtar,Inter (1.60) 5-0 (0.79) Shakhtar,206,19,5.332718793265369
435.77832972631484,144,2020-08-18T20:54:49Z,1295826509647818755,RB Leipzig,PSG,RB Leipzig (1.27) 0-3 (3.32) PSG,232,18,5.4510384535657
265.92136897903856,145,2020-08-19T20:51:04Z,1296187954306658309,Lyon,Bayern Munich,Lyon (1.88) 0-3 (2.71) Bayern,278,29,5.631211781821365
391.19898778154146,146,2020-08-21T20:54:59Z,1296913713421856770,Sevilla,Inter Milan,Sevilla (0.98) 3-2 (1.91) Inter,749,79,6.620073206530356
270.93748998792256,147,2020-08-23T20:55:26Z,1297638604076920847,PSG,Bayern Munich,PSG (1.05) 0-1 (1.26) Bayern,312,42,5.746203190540153
615.9252981457515,148,2020-08-29T17:22:19Z,1299759298453606403,Arsenal,Liverpool,Arsenal (0.96) 1-1 (2.07) Liverpool,451,62,6.113682179832232
186.7165995554662,149,2020-09-05T17:51:12Z,1302303280413003787,Iceland,England,Iceland (0.81) 0-1 (1.52) England,107,2,4.68213122712422
638.8120670950992,150,2020-09-12T13:27:59Z,1304773754841698304,Fulham,Arsenal,Fulham (0.14) 0-3 (2.40) Arsenal,920,40,6.825460036255307
1042.794872710437,151,2020-09-12T18:23:33Z,1304848138923106304,FT: Liverpool,Leeds,FT: Liverpool (3.36) 4-3 (0.45) Leeds,716,110,6.57507584059962
149.76578199659397,152,2020-09-12T20:56:00Z,1304886501919076352,West Ham,Newcastle,West Ham (1.22) 0-2 (1.59) Newcastle,103,6,4.6443908991413725
515.2674507421177,153,2020-09-13T14:54:18Z,1305157866303692800,West Brom,Leicester,West Brom (0.21) 0-3 (3.23) Leicester,262,16,5.572154032177765
221.24660816218014,154,2020-09-13T17:24:11Z,1305195587059552259,Tottenham,Everton,Tottenham (1.10) 0-1 (1.22) Everton,224,10,5.41610040220442
403.56961767030884,155,2020-09-13T21:00:17Z,1305249968601563141,PSG,Marseille,PSG (2.26) 0-1 (0.57) Marseille,286,30,5.659482215759621
199.75933599002238,156,2020-09-14T18:56:15Z,1305581140430946305,Sheffield Utd,Wolves,Sheffield Utd (1.15) 0-2 (1.78) Wolves,147,6,4.997212273764115
1157.4334247192608,157,2020-09-14T21:10:55Z,1305615030604509187,Brighton,Chelsea,Brighton (1.70) 1-3 (1.44) Chelsea,2889,225,7.969011781106478
794.7928649246196,158,2020-09-18T21:26:08Z,1307068414058430465,Bayern Munich,Schalke,Bayern (4.32) 8-0 (0.16) Schalke,455,26,6.1224928095143865
646.7263473471444,159,2020-09-19T13:57:37Z,1307317927486664704,Everton,West Brom,Everton (4.17) 5-2 (0.30) West Brom,583,32,6.369900982828227
458.38867616964166,160,2020-09-19T16:02:01Z,1307349236196020227,Leeds,Fulham,Leeds (1.65) 4-3 (1.33) Fulham,288,29,5.666426688112432
535.9586538230844,161,2020-09-19T18:27:56Z,1307385956182495238,Man United,C Palace,Man Utd (1.42) 1-3 (1.89) C Palace,384,44,5.953243334287785
1024.773037099592,162,2020-09-19T20:53:52Z,1307422682363895808,Arsenal,West Ham,Arsenal (1.53) 2-1 (2.46) West Ham,1946,211,7.5740450053721995
1297.8044503154733,163,2020-09-20T13:41:31Z,1307676263335821315,Southampton,Tottenham,Southampton (2.58) 2-5 (2.31) Spurs,1573,136,7.3613754289773485
417.6944104193173,164,2020-09-20T17:24:43Z,1307732436428742658,Chelsea,Liverpool,Chelsea (1.04) 0-2 (1.74) Liverpool,327,24,5.793013608384144
423.4706070423828,165,2020-09-20T19:55:05Z,1307770275698806784,Leicester,Burnley,Leicester (0.98) 4-2 (1.41) Burnley,893,76,6.795705775173514
379.87564650425895,166,2020-09-21T21:09:41Z,1308151437218779137,Wolves,Man City,Wolves (0.83) 1-3 (2.12) Man City,213,11,5.365976015021851
2118.597144102865,167,2020-09-26T13:30:34Z,1309847833739231233,Brighton,Man United,Brighton (3.03) 2-3 (1.91) Man Utd,6552,822,8.787678239039497
1170.2025982951948,168,2020-09-26T18:25:50Z,1309922140112785408,West Brom,Chelsea,West Brom (0.65) 3-3 (2.58) Chelsea,885,105,6.786716950605081
366.7994942731725,169,2020-09-27T12:54:53Z,1310201243600588802,Sheffield Utd,Leeds,Sheffield Utd (1.74) 0-1 (1.34) Leeds,297,18,5.697093486505405
914.4105507246995,170,2020-09-27T14:58:12Z,1310232275989278721,Tottenham,Newcastle,Tottenham (3.63) 1-1 (0.98) Newcastle,1601,147,7.379008127628304
266.7951596783272,171,2020-09-27T16:22:45Z,1310253554758750208,Hoffenheim,Bayern Munich,Hoffenheim (2.36) 4-1 (1.73) Bayern,347,15,5.8522024797744745
392.57915039995413,172,2020-09-27T16:24:06Z,1310253893440462848,Atletico,Granada,Atletico (3.73) 6-1 (1.72) Granada,110,4,4.709530201312334
936.4889537684599,173,2020-09-27T17:22:22Z,1310268556144193544,Man City,Leicester,Man City (1.55) 2-5 (3.02) Leicester,674,54,6.51471269087253
463.4194255544089,174,2020-09-27T19:56:14Z,1310307278747242496,West Ham,Wolves,West Ham (3.35) 4-0 (0.47) Wolves,631,36,6.448889394146858
264.448766478519,175,2020-09-28T18:43:41Z,1310651410049048577,Fulham,Aston Villa,Fulham (0.71) 0-3 (2.38) Aston Villa,196,6,5.2832037287379885
440.0494957863761,176,2020-09-28T20:54:16Z,1310684273918251011,Liverpool,Arsenal,Liverpool (2.84) 3-1 (1.40) Arsenal,346,33,5.849324779946859
381.7521666676516,177,2020-10-02T20:52:45Z,1312133442272804864,PSG,Angers,PSG (2.15) 6-1 (1.14) Angers,463,22,6.139884552226255
873.1867031573524,178,2020-10-03T13:28:00Z,1312383905618591745,Chelsea,C Palace,Chelsea (3.10) 4-0 (0.15) C Palace,1007,61,6.915723448631314
272.6722777722839,179,2020-10-03T15:57:26Z,1312421512276738048,Everton,Brighton,Everton (2.03) 4-2 (1.37) Brighton,227,11,5.429345628954441
1129.2652672911852,180,2020-10-03T18:21:25Z,1312457746797666304,Leeds,Man City,Leeds (2.67) 1-1 (1.44) Man City,5112,568,8.53954159508
490.1116455214982,181,2020-10-04T12:53:21Z,1312737574591619073,Leicester,West Ham,Leicester (0.54) 0-3 (1.98) West Ham,383,18,5.950642552587727
861.0679426798847,182,2020-10-04T14:58:50Z,1312769152839548928,Arsenal,Sheffield Utd,Arsenal (0.61) 2-1 (0.29) Sheffield Utd,966,46,6.874198495453294
660.4329431273443,183,2020-10-04T17:24:06Z,1312805708639936512,Man United,Tottenham,Man Utd (0.97) 1-6 (3.71) Tottenham,790,67,6.673297967767654
611.2568769014712,184,2020-10-04T19:19:03Z,1312834639321591809,Bayern Munich,Hertha Berlin,Bayern (4.02) 4-3 (1.35) Hertha Berlin,266,14,5.58724865840025
819.1642329911023,185,2020-10-04T20:10:00Z,1312847460897828865,Aston Villa,Liverpool,Aston Villa (3.76) 7-2 (1.62) Liverpool,1050,107,6.957497370876951
336.7645555358486,186,2020-10-04T20:52:48Z,1312858232222867456,Barcelona,Sevilla,Barcelona (0.94) 1-1 (1.80) Sevilla,308,31,5.733341276897746
942.0656285471648,187,2020-10-17T13:51:36Z,1317463273579679744,Everton,Liverpool,Everton (1.40) 2-2 (2.79) Liverpool,763,54,6.638567789166521
1329.775598615085,188,2020-10-17T15:58:37Z,1317495238236229634,Chelsea,Southampton,Chelsea (1.92) 3-3 (1.91) Southampton,2023,103,7.6128310304073565
456.9462868970304,189,2020-10-17T16:00:35Z,1317495734430814213,Celta Vigo,Atletico,Celta Vigo (2.46) 0-2 (1.05) Atletico,434,42,6.075346031088684
320.44215707140927,190,2020-10-17T17:58:26Z,1317525392291450885,Inter Milan,AC Milan,Inter Milan (2.85) 1-2 (2.18) AC Milan,163,10,5.099866427824199
634.8342618954649,191,2020-10-17T18:23:38Z,1317531735421341696,Man City,Arsenal,Man City (1.46) 1-0 (0.92) Arsenal,302,30,5.713732805509369
442.61681759651793,192,2020-10-17T18:29:09Z,1317533121164775426,Real Madrid,Cadiz,Real Madrid (1.20) 0-1 (2.03) Cadiz,665,53,6.501289670540389
392.76067219593284,193,2020-10-17T20:58:21Z,1317570668251197442,Newcastle,Man United,Newcastle (1.07) 1-4 (2.51) Man Utd,247,12,5.5134287461649825
457.4525200693892,194,2020-10-18T08:02:51Z,1317737894405148672,Getafe,Barcelona,Getafe (1.84) 1-0 (0.95) Barcelona,497,38,6.210600077024653
352.36642523730626,195,2020-10-18T12:57:45Z,1317812108545982465,Sheffield Utd,Fulham,Sheffield Utd (2.18) 1-1 (1.79) Fulham,216,11,5.37989735354046
1087.1525339421844,196,2020-10-18T17:23:29Z,1317878984311537666,Tottenham,West Ham,Tottenham (1.72) 3-3 (1.84) West Ham,4063,273,8.309922989258318
293.47707847533115,197,2020-10-18T20:13:35Z,1317921790166007808,Leicester,Aston Villa,Leicester (0.65) 0-1 (0.91) Aston Villa,260,18,5.564520407322694
489.3955764034214,198,2020-10-19T20:55:37Z,1318294758012444672,Leeds,Wolves,Leeds (1.37) 0-1 (0.65) Wolves,972,54,6.880384082186005
215.2680750464526,199,2020-10-20T20:52:37Z,1318656389292544000,Barcelona,Ferencvaros,Barcelona (2.80) 5-1 (1.20) Ferencvaros,220,10,5.3981627015177525
390.5819499793655,200,2020-10-20T20:53:45Z,1318656674127896577,Lazio,Dortmund,Lazio (1.64) 3-1 (1.98) Dortmund,212,10,5.3612921657094255
311.01686816409807,201,2020-10-20T20:54:30Z,1318656865400741891,PSG,Man United,PSG (1.91) 1-2 (1.71) Man Utd,501,32,6.218600119691729
1021.6756812876641,202,2020-10-20T21:07:29Z,1318660133455564800,Chelsea,Sevilla,Chelsea (0.43) 0-0 (0.28) Sevilla,1583,99,7.367708572374371
446.38404935109105,203,2020-10-20T21:11:56Z,1318661253015941121,RB Leipzig,Basaksehir,Leipzig (1.27) 2-0 (1.23) Basaksehir,259,12,5.560681631015528
570.4003897048136,204,2020-10-21T18:47:20Z,1318987249900527618,Real Madrid,Shakhtar,Real Madrid (1.15) 2-3 (1.59) Shakhtar,661,35,6.495265555937008
459.24378003086576,205,2020-10-21T20:52:30Z,1319018746841878534,Bayern Munich,Atletico Madrid,Bayern (3.08) 4-0 (0.41) Atletico Madrid,535,39,6.284134161070802
497.9309305504787,206,2020-10-21T20:55:07Z,1319019405473402885,Ajax,Liverpool,Ajax (1.67) 0-1 (1.19) Liverpool,601,32,6.400257445308821
259.41123596171894,207,2020-10-21T20:57:39Z,1319020044131631110,Man City,Porto,Man City (1.70) 3-1 (0.33) Porto,131,4,4.882801922586371
314.19093450962197,208,2020-10-21T20:59:48Z,1319020586920759296,Inter Milan,Monchengladbach,Inter (3.19) 2-2 (1.42) Monchengladbach,274,15,5.616771097666572
319.41425212821173,209,2020-10-22T19:33:13Z,1319361184194351110,Rapid Wien,Arsenal,Rapid Wien (1.24) 1-2 (1.67) Arsenal,256,15,5.54907608489522
470.6994524893151,210,2020-10-22T19:42:32Z,1319363529409953793,Leverkusen,Nice,Leverkusen (1.86) 6-2 (1.01) Nice,710,32,6.566672429803241
571.3949338517664,211,2020-10-22T20:49:45Z,1319380442827657224,Celtic,AC Milan,Celtic (1.02) 1-3 (0.79) AC Milan,495,21,6.206575926724928
499.01459075703923,212,2020-10-23T20:58:05Z,1319744928424091648,Aston Villa,Leeds,Aston Villa (1.45) 0-3 (2.23) Leeds,589,22,6.380122536899765
516.2624650545298,213,2020-10-24T13:40:41Z,1319997243907342337,West Ham,Man City,West Ham (0.37) 1-1 (1.08) Man City,306,6,5.726847747587197
245.68881631284216,214,2020-10-24T15:58:54Z,1320032025399668738,Fulham,C Palace,Fulham (1.00) 1-2 (2.68) C Palace,169,4,5.135798437050262
679.9133888898232,215,2020-10-24T16:04:03Z,1320033322005823488,Barcelona,Real Madrid,Barcelona (1.91) 1-3 (3.64) Real Madrid,612,54,6.418364935936212
1233.5344459135742,216,2020-10-24T16:17:30Z,1320036705227997184,Venlo,Ajax,Venlo (0.17) 0-13 (7.02) Ajax,2563,176,7.849323818040561
1424.9237802863022,217,2020-10-24T18:22:39Z,1320068203054309385,Man United,Chelsea,Man Utd (0.73) 0-0 (0.25) Chelsea,2543,249,7.841492924460013
370.0897046047468,218,2020-10-24T20:54:27Z,1320106403248353280,Liverpool,Sheffield Utd,Liverpool (2.80) 2-1 (1.61) Sheffield Utd,282,12,5.645446897643238
385.5976879688087,219,2020-10-25T15:53:45Z,1320393115652546561,Southampton,Everton,Southampton (0.62) 2-0 (0.31) Everton,413,13,6.025865973825314
385.4356834208542,220,2020-10-25T18:21:02Z,1320430181660692483,Wolves,Newcastle,Wolves (0.74) 1-1 (0.33) Newcastle,209,9,5.3471075307174685
872.3159317004984,221,2020-10-25T21:12:21Z,1320473295419023361,Arsenal,Leicester,Arsenal (1.27) 0-1 (0.79) Leicester,743,54,6.612041034833092
806.4672463860932,222,2020-10-26T21:55:18Z,1320846489975955460,Burnley,Tottenham,Burnley (1.15) 0-1 (0.82) Tottenham,1784,80,7.487173694213739
548.3138994415402,223,2020-10-26T23:09:21Z,1320865125297999878,AC Milan,Roma,AC Milan (2.96) 3-3 (2.38) Roma,416,15,6.0330862217988015
573.5007023820862,224,2020-10-27T19:50:53Z,1321177567471218703,Shakhtar,Inter Milan,Shakhtar (0.07) 0-0 (2.09) Inter Milan,775,76,6.654152520183219
341.2696735913883,225,2020-10-27T19:51:45Z,1321177787990986759,Lokomotiv,Bayern Munich,Lokomotiv (2.04) 1-2 (2.85) Bayern,279,6,5.634789603169249
717.0207787935556,226,2020-10-27T19:54:29Z,1321178473327742977,Shakhtar,Lukaku,Shakhtar (0.07) 0-0 (0.88) Lukaku,548,46,6.3080984415095305
341.20961872199285,227,2020-10-27T21:52:49Z,1321208255985651713,Liverpool,Midtjylland,Liverpool (1.82) 2-0 (1.37) Midtjylland,254,2,5.541263545158426
1225.3748703450906,228,2020-10-27T21:53:44Z,1321208483954511873,Marseille,Man City,Marseille (0.05) 0-3 (1.99) Man City,2184,319,7.68937110752969
468.3503687882209,229,2020-10-27T21:55:23Z,1321208900021067778,M’gladbach,Real Madrid,M’gladbach (1.35) 2-2 (3.03) Real Madrid,354,25,5.872117789475416
462.7604082107746,230,2020-10-28T19:58:36Z,1321541898658549764,Krasnodar,Chelsea,Krasnodar (0.62) 0-4 (2.77) Chelsea,482,15,6.180016653652572
637.4814464571099,231,2020-10-28T21:51:57Z,1321570426749919234,Man United,RB Leipzig,Man Utd (2.48) 5-0 (0.44) RB Leipzig,929,66,6.835184586147301
577.3956224380634,232,2020-10-28T21:52:51Z,1321570650092376065,Juventus,Barcelona,Juventus (0.29) 0-2 (2.31) Barcelona,511,65,6.238324625039508
668.5597501671726,233,2020-10-29T20:29:11Z,1321911985034985479,Antwerp,Tottenham,Antwerp (1.56) 1-0 (0.83) Tottenham,868,36,6.767343125265392
465.40388099606474,234,2020-10-29T20:29:35Z,1321912083303247872,Lille,Celtic,Lille (2.83) 2-2 (0.51) Celtic,381,27,5.945420608606575
693.0482647974447,235,2020-10-29T22:15:41Z,1321938783810560002,Arsenal,Dundalk,Arsenal (3.48) 3-0 (0.09) Dundalk,892,29,6.794586580876499
352.20520920660636,236,2020-10-30T21:57:02Z,1322296477658587138,Wolves,C Palace,Wolves (1.69) 2-0 (0.87) C Palace,309,4,5.736572297479192
614.8798119994113,237,2020-10-31T14:24:20Z,1322544941277552641,Sheffield Utd,Man City,Sheffield Utd (0.31) 0-1 (1.75) Man City,415,11,6.030685260261263
624.8592702203653,238,2020-10-31T16:57:32Z,1322583497412935682,Burnley,Chelsea,Burnley (0.34) 0-3 (1.40) Chelsea,489,12,6.194405391104672
383.7621205620224,239,2020-10-31T19:25:12Z,1322620658216505357,Liverpool,West Ham,Liverpool (1.58) 2-1 (0.35) West Ham,230,5,5.442417710521793
519.748470615961,240,2020-10-31T19:50:26Z,1322627009533628416,Inter Milan,Parma,Inter Milan (3.04) 2-2 (0.83) Parma,570,28,6.3473892096560105
387.39570909839466,241,2020-10-31T21:53:44Z,1322658037124026370,Deportivo,Barcelona,Deportivo (0.97) 1-1 (2.26) Barcelona,408,20,6.013715156042802
2061.572148764003,242,2020-11-01T13:58:36Z,1322900855683731471,Aston Villa,Southampton,Aston Villa (2.67) 3-4 (0.80) Southampton,7341,493,8.90136656405678
453.31644215078387,243,2020-11-01T15:55:51Z,1322930359789604864,Newcastle,Everton,Newcastle (2.38) 2-1 (1.35) Everton,553,16,6.317164686747284
1562.1858358415082,244,2020-11-01T18:24:33Z,1322967781940301824,Man United,Arsenal,Man Utd (0.38) 0-1 (1.09) Arsenal,3947,277,8.280964400553373
551.3217644586763,245,2020-11-01T21:12:01Z,1323009928294993923,Tottenham,Brighton,Tottenham (2.03) 2-1 (0.40) Brighton,582,27,6.368187186350492
715.2856477067604,246,2020-11-02T21:54:11Z,1323382927850352640,Leeds,Leicester,Leeds (1.42) 1-4 (3.20) Leicester,659,15,6.492239835020471
514.0915806213502,247,2020-11-03T19:52:10Z,1323714606964113409,Shakhtar,Monchengladbach,Shakhtar (0.50) 0-6 (2.41) Monchengladbach,638,16,6.459904454377535
647.7587616281962,248,2020-11-03T21:42:33Z,1323742384727928839,Blackburn,Middlesbrough,Blackburn (0.13) 0-0 (2.37) Middlesbrough,369,14,5.91350300563827
626.537216565928,249,2020-11-03T21:51:00Z,1323744514410975232,Real Madrid,Inter Milan,Real Madrid (0.92) 3-2 (0.75) Inter Milan,631,31,6.448889394146858
795.4963217248189,250,2020-11-03T21:52:51Z,1323744979026628614,Atalanta,Liverpool,Atalanta (1.28) 0-5 (2.49) Liverpool,423,17,6.049733455231958
370.8838170556459,251,2020-11-03T21:54:30Z,1323745392178192389,Man City,Olympiakos,Man City (1.66) 3-0 (0.43) Olympiakos,202,10,5.313205979041787
1083.7649169026297,252,2020-11-03T22:01:39Z,1323747191597518849,Atalanta,Diogo Jota,Atalanta (1.28) 0-3 (1.17) Diogo Jota,3771,195,8.235360643753348
913.4956640086756,253,2020-11-04T19:47:35Z,1324075841958137862,Basaksehir,Man United,Basaksehir (1.19) 2-1 (0.54) Man Utd,2418,131,7.791109510610028
731.9883599723001,254,2020-11-04T21:55:50Z,1324108115797749760,Chelsea,Rennes,Chelsea (3.08) 3-0 (0.73) Rennes,738,33,6.6052979209482015
599.9999529579285,255,2020-11-04T21:56:57Z,1324108399609565186,Barcelona,Dynamo Kyiv,Barcelona (4.35) 2-1 (2.49) Dynamo Kyiv,644,19,6.4692503167957724
679.4966211976516,256,2020-11-05T19:46:41Z,1324438002572136450,Ludogorets,Tottenham,Ludogorets (0.74) 1-3 (4.34) Tottenham,401,15,5.996452088619021
1607.8601581273567,257,2020-11-05T19:49:18Z,1324438661094690816,Real Sociedad,AZ Alkmaar,Real Sociedad (4.87) 1-0 (0.22) AZ Alkmaar,2255,76,7.721348612617949
712.1975246534015,258,2020-11-06T19:22:39Z,1324794342222057473,Brighton,Burnley,Brighton (1.82) 0-0 (0.52) Burnley,578,10,6.361302477572996
535.7825259303412,259,2020-11-06T21:51:47Z,1324831872925446149,Southampton,Newcastle,Southampton (1.05) 2-0 (0.31) Newcastle,361,8,5.8916442118257715
1585.2510866489545,260,2020-11-07T14:28:11Z,1325082627385266178,Everton,Man United,Everton (0.38) 1-3 (2.26) Man Utd,1879,59,7.539027055823995
1006.562095498681,261,2020-11-07T16:55:33Z,1325119713886826497,C Palace,Leeds,C Palace (0.88) 4-1 (1.03) Leeds,3332,166,8.11162807830774
3154.1258907097017,262,2020-11-07T17:22:29Z,1325126489826865153,Biden,Trump,Biden (306) 290-214 (232) Trump,4956,640,8.508555998020574
576.766587941814,263,2020-11-07T17:58:52Z,1325135647502315520,Barcelona,Real Betis,Barcelona (4.54) 5-2 (1.17) Real Betis,362,11,5.8944028342648505
578.2791340232941,264,2020-11-07T19:25:05Z,1325157343756083201,Chelsea,Sheffield Utd,Chelsea (2.80) 4-1 (0.79) Sheffield Utd,494,23,6.20455776256869
1174.9497186651408,265,2020-11-07T19:29:44Z,1325158512129961985,Dortmund,Bayern Munich,Dortmund (2.68) 2-3 (1.48) Bayern,1232,73,7.117205503164344
808.5479315483584,266,2020-11-08T13:56:07Z,1325436942868230145,West Brom,Tottenham,West Brom (0.92) 0-1 (1.95) Tottenham,611,13,6.416732282512326
460.25682953776214,267,2020-11-08T15:58:58Z,1325467859930243074,Leicester,Wolves,Leicester (2.19) 1-0 (0.73) Wolves,277,5,5.627621113690637
1170.9081620313584,268,2020-11-08T18:26:03Z,1325504874986004481,Man City,Liverpool,Man City (1.84) 1-1 (1.29) Liverpool,675,28,6.516193076042964
1129.7924857384858,269,2020-11-08T21:10:54Z,1325546361094279169,Arsenal,Aston Villa,Arsenal (1.57) 0-3 (2.40) Aston Villa,819,27,6.709304340258298
817.2041155436178,270,2020-11-08T22:03:18Z,1325559547851927553,Valencia,Real Madrid,Valencia (2.58) 4-1 (1.26) Real Madrid,585,28,6.373319789577012
1391.052353598698,271,2020-11-17T21:36:56Z,1328814402305482760,Spain,Germany,Spain (3.47) 6-0 (0.12) Germany,2633,130,7.876258882303226
1088.350229285243,272,2020-11-17T21:40:50Z,1328815385873879041,Ferran Torres,Germany,Ferran Torres (1.28) 3-0 (0.12) Germany,1258,123,7.138073034044347
799.7297584889405,273,2020-11-18T21:39:30Z,1329177436920172545,FT: England,Iceland,FT: England (2.73) 4-0 (0.08) Iceland,293,6,5.683579767338681
998.729765777456,274,2020-11-21T14:28:04Z,1330156027703123969,Newcastle,Chelsea,Newcastle (0.54) 0-2 (2.03) Chelsea,1021,24,6.92951677076365
555.0830237274361,275,2020-11-21T16:58:20Z,1330193843690627079,Aston Villa,Brighton,Aston Villa (2.35) 1-2 (1.41) Brighton,608,24,6.411818267709897
2197.6631623610874,276,2020-11-21T19:22:32Z,1330230129893773321,Tottenham,Man City,Spurs (0.79) 2-0 (2.18) Man City,4902,269,8.497602541651233
1312.7089865118521,277,2020-11-21T21:53:30Z,1330268123577114624,Man United,West Brom,Man Utd (2.47) 1-0 (0.50) West Brom,1681,77,7.427738840532894
535.4148404799801,278,2020-11-21T22:53:25Z,1330283200015429638,Atletico,Barcelona,Atletico (0.62) 1-0 (1.68) Barcelona,454,13,6.12029741895095
1046.8596841381118,279,2020-11-22T13:54:34Z,1330509983172202503,Fulham,Everton,Fulham (1.94) 2-3 (1.96) Everton,623,12,6.436150368369428
412.99726019896235,280,2020-11-22T15:49:59Z,1330539028702179334,Sheffield Utd,West Ham,Sheffield Utd (0.75) 0-1 (2.45) West Ham,493,8,6.202535517187923
2396.1397531718635,281,2020-11-22T18:24:31Z,1330577919035518976,Leeds,Arsenal,Leeds (2.19) 0-0 (0.74) Arsenal,4178,196,8.337827262447915
1153.2192369234276,282,2020-11-22T21:08:10Z,1330619103674052609,Liverpool,Leicester,Liverpool (3.88) 3-0 (1.21) Leicester,1337,59,7.198931240688173
638.1205056841102,283,2020-11-22T21:10:11Z,1330619611360997377,Firmino,Leicester,Firmino (1.62) 1-0 (1.21) Leicester,756,78,6.6293632534374485
526.2897792732006,284,2020-11-23T19:24:12Z,1330955326938636299,Burnley,Crystal Palace,Burnley (1.72) 1-0 (1.26) Crystal Palace,313,4,5.749392985908253
729.630828737758,285,2020-11-23T21:52:37Z,1330992676112650250,Wolves,Southampton,Wolves (1.97) 1-1 (1.00) Southampton,491,4,6.198478716492308
653.3491958776547,286,2020-11-24T19:50:41Z,1331324378471141377,Rennes,Chelsea,Rennes (1.26) 1-2 (2.19) Chelsea,832,20,6.725033642166843
774.5241945342216,287,2020-11-24T21:55:36Z,1331355815081553921,Man United,Besaksehir,Man Utd (3.55) 4-1 (1.52) Besaksehir,411,8,6.021023349349527
560.8730529466573,288,2020-11-24T21:56:07Z,1331355946942140424,Dynamo Kyiv,Barcelona,Dynamo Kyiv (0.37) 0-4 (3.11) Barcelona,222,6,5.407171771460119
458.5139919128221,289,2020-11-24T21:56:46Z,1331356111010734091,PSG,RB Leipzig,PSG (1.14) 1-0 (0.93) RB Leipzig,304,14,5.720311776607412
927.5744762972125,290,2020-11-25T20:01:47Z,1331689560074571776,Olympiacos,Man City,Olympiacos (0.18) 0-1 (2.35) Man City,574,9,6.354370040797351
2310.328652005064,291,2020-11-25T21:51:09Z,1331717081897824256,Bayern Munich,Salzburg,Bayern (1.37) 3-1 (3.50) Salzburg,5639,262,8.637639344492104
1607.9414795989348,292,2020-11-25T21:52:08Z,1331717331660267522,Liverpool,Atalanta,Liverpool (0.19) 0-2 (1.46) Atalanta,3292,89,8.099554282376364
2396.7845174217405,293,2020-11-26T18:43:21Z,1332032210178805760,Molde,Arsenal,Molde (1.04) 0-0 (0.59) Arsenal,2842,112,7.952615111651
695.6507427695913,294,2020-11-26T19:46:56Z,1332048212115546115,FT: Molde,Arsenal,FT: Molde (1.22) 0-3 (2.60) Arsenal,730,13,6.594413459749778
618.8087324823458,295,2020-11-26T19:57:38Z,1332050902988054535,Braga,Leicester,Braga (1.93) 3-3 (2.58) Leicester,258,0,5.556828061699537
1650.6769354053736,296,2020-11-26T21:52:51Z,1332079898773614592,Tottenham,Ludogorets,Spurs (3.58) 4-0 (0.00) Ludogorets,3558,158,8.177234885510194
2207.938395142152,297,2020-11-27T21:51:05Z,1332441843544563718,Wolfsburg,Werder Bremen,Wolfsburg (1.37) 5-3 (0.84) Werder Bremen,2877,58,7.964850887447313
476.16435190442263,298,2020-11-27T22:00:48Z,1332444288169414660,C Palace,Newcastle,C Palace (0.62) 0-2 (1.45) Newcastle,167,8,5.123963979403259
4582.83897205175,299,2020-11-28T14:27:09Z,1332692509902983176,Brighton,Liverpool,Brighton (2.29) 1-1 (0.42) Liverpool,7883,472,8.97259066827261
1726.0717525899931,300,2020-11-28T16:27:55Z,1332722902173700104,Stuttgart,Bayern Munich,Stuttgart (1.42) 1-3 (0.80) Bayern Munich,1560,29,7.353081920515432
841.0584084089678,301,2020-11-28T16:52:15Z,1332729027136729091,Man City,Burnley,Man City (1.93) 5-0 (0.46) Burnley,1202,23,7.0925737159746784
1154.390477596891,302,2020-11-28T16:53:25Z,1332729319660122113,Mahrez,Burnley,Mahrez (0.95) 3-0 (0.46) Burnley,689,36,6.536691597591305
1646.428683585881,303,2020-11-28T19:28:42Z,1332768398460268544,Everton,Leeds,Everton (1.57) 0-1 (3.24) Leeds,1720,65,7.450660796211539
796.6171369578136,304,2020-11-29T15:31:24Z,1333071068786008065,Barcelona,Osasuna,Barcelona (3.82) 4-0 (1.95) Osasuna,436,5,6.07993319509559
3460.2315022275575,305,2020-11-29T15:56:17Z,1333077331905302529,Southampton,Man United,Southampton (0.48) 2-3 (3.01) Man Utd,5233,285,8.562931083090092
2997.6445287126007,306,2020-11-29T18:26:28Z,1333115124413050886,Chelsea,Tottenham,Chelsea (0.96) 0-0 (0.17) Spurs,4411,195,8.392083380373393
1945.5529040850483,307,2020-11-29T21:17:07Z,1333158072299229184,Arsenal,Wolves,Arsenal (0.83) 1-2 (2.33) Wolves,1490,59,7.307202314764738
775.4851567749836,308,2020-11-30T18:23:10Z,1333476683509354504,Leicester,Fulham,Leicester (0.94) 0-2 (1.56) Fulham,624,11,6.437751649736401
608.079136366587,309,2020-11-30T19:28:27Z,1333493110823919620,Leicester,Fulham,Leicester (1.58) 1-2 (2.00) Fulham,600,12,6.398594934535208
2122.413957707464,310,2020-11-30T21:57:16Z,1333530562871619585,West Ham,Aston Villa,West Ham (0.65) 2-1 (2.89) Aston Villa,4146,111,8.330140460246382
1246.3951673634288,311,2020-11-30T21:58:22Z,1333530840500932608,West Ham,Ollie Watkins,West Ham (0.65) 2-0 (1.41) Ollie Watkins,1180,41,7.074116816197362
1157.3649311155448,312,2020-12-01T19:51:16Z,1333861240557465600,Shakhtar,Real Madrid,Shakhtar (1.47) 2-0 (1.46) Real Madrid,1409,26,7.251344983372214
1035.5533942615461,313,2020-12-01T21:55:06Z,1333892405687365634,Liverpool,Ajax,Liverpool (2.58) 1-0 (1.64) Ajax,485,12,6.186208623900494
2553.3191774204893,314,2020-12-01T21:56:22Z,1333892723347255298,Porto,Man City,Porto (0.03) 0-0 (3.15) Man City,5500,203,8.612685172875459
838.1043648091612,315,2020-12-01T22:02:21Z,1333894228590604289,Atletico,Bayern Munich,Atletico (1.60) 1-1 (1.09) Bayern,398,11,5.988961416889864
2158.5965000680994,316,2020-12-02T21:53:01Z,1334254267700482049,Sevilla,Chelsea,Sevilla (1.55) 0-4 (2.45) Chelsea,3045,62,8.021584533455107
1212.622647664733,317,2020-12-02T21:53:21Z,1334254354363277317,Man United,PSG,Man Utd (1.27) 1-3 (2.89) PSG,906,66,6.810142450115136
1243.6513828598074,318,2020-12-02T23:46:57Z,1334282939450994689,Sevilla,Olivier Giroud,Sevilla (1.55) 0-4 (1.52) Olivier Giroud,1140,58,7.039660349862076
1097.7886397812879,319,2020-12-03T20:09:34Z,1334590622917931010,LASK,Tottenham,LASK (0.98) 3-3 (2.17) Tottenham,1364,24,7.21890970761906
1361.4262804417729,320,2020-12-03T21:57:54Z,1334617884916654084,Arsenal,Rapid Wien,Arsenal (3.84) 4-1 (1.20) Rapid Wien,1233,28,7.1180162044653335
977.0767750970424,321,2020-12-05T14:24:59Z,1335228681338449928,Burnley,Everton,Burnley (0.93) 1-1 (2.29) Everton,1152,18,7.050122520269059
1214.884577885952,322,2020-12-05T17:01:49Z,1335268147499298816,Man City,Fulham,Man City (3.36) 2-0 (0.29) Fulham,683,17,6.52795791762255
1684.9101806297476,323,2020-12-05T19:24:16Z,1335303999508131849,West Ham,Man United,West Ham (2.79) 1-3 (1.30) Man Utd,5358,236,8.58653266949485
1232.522933539236,324,2020-12-05T20:55:11Z,1335326879440646150,Bayern Munich,RB Leipzig,Bayern (1.09) 3-3 (1.17) RB Leipzig,1085,19,6.990256500493881
3368.5926802883655,325,2020-12-05T21:54:07Z,1335341707693580288,Chelsea,Leeds,Chelsea (4.35) 3-1 (0.97) Leeds,7521,522,8.925587339030281
1086.965237429217,326,2020-12-05T21:56:00Z,1335342180886523904,Cadiz,Barcelona,Cadiz (2.16) 2-1 (1.79) Barcelona,983,41,6.891625897052253
1862.7740896320622,327,2020-12-06T13:57:18Z,1335584102280531970,West Brom,C Palace,West Brom (0.62) 1-5 (1.78) C Palace,2177,28,7.686162303492906
547.4428767916268,328,2020-12-06T16:08:23Z,1335617091676884999,Sheffield Utd,Leicester,Sheffield Utd (0.33) 1-2 (1.50) Leicester,483,8,6.182084906716632
3933.144204301203,329,2020-12-06T18:21:33Z,1335650603100418049,Tottenham,Arsenal,Spurs (0.27) 2-0 (0.61) Arsenal,5298,229,8.575273402492762
1285.9119638331726,330,2020-12-06T21:10:06Z,1335693019035656194,Liverpool,Wolves,Liverpool (1.74) 4-0 (0.48) Wolves,896,20,6.799055862058796
1413.7354050332458,331,2020-12-07T21:51:44Z,1336065886168494080,Brighton,Southampton,Brighton (2.06) 1-2 (1.46) Southampton,1566,28,7.356918242356021
2218.5706718248957,332,2020-12-08T21:55:57Z,1336429335377555456,RB Leipzig,Man United,Leipzig (1.67) 3-2 (2.26) Man Utd,3568,104,8.18004072349016
911.077395263276,333,2020-12-08T21:57:30Z,1336429725464539136,Barcelona,Juventus,Barcelona (0.90) 0-3 (2.43) Juventus,529,16,6.272877006546167
1502.8711146423611,334,2020-12-08T21:57:51Z,1336429811301015553,Chelsea,Krasnodar,Chelsea (2.58) 1-1 (0.33) Krasnodar,2324,29,7.751475318021456
570.8861285670839,335,2020-12-09T19:51:47Z,1336760473912553472,Ajax,Atalanta,Ajax (0.74) 0-1 (0.92) Atalanta,223,3,5.4116460518550396
1503.6020187596166,336,2020-12-09T19:52:50Z,1336760740418613248,Midtjylland,Liverpool,Midtjylland (2.92) 1-1 (1.35) Liverpool,2455,58,7.806289289267033
621.2512109503296,337,2020-12-09T21:55:10Z,1336791526136012800,Real Madrid,M’gladbach,Real Madrid (3.20) 2-0 (0.71) M’gladbach,686,27,6.532334292222349
912.3316744263747,338,2020-12-09T21:57:41Z,1336792156229537792,Man City,Marseille,Man City (3.17) 3-0 (0.67) Marseille,519,7,6.253828811575473
528.3179437386872,339,2020-12-09T22:03:57Z,1336793735431122952,Inter Milan,Shakhtar,Inter Milan (1.84) 0-0 (0.39) Shakhtar,331,8,5.805134968916488
1063.0246359266632,340,2020-12-10T19:59:49Z,1337124884200165378,Dundalk,Arsenal,Dundalk (0.33) 2-4 (1.86) Arsenal,687,3,6.5337888379333435
1312.46157183531,341,2020-12-10T22:02:11Z,1337155678226575360,Tottenham,Antwerp,Tottenham (3.25) 2-0 (0.05) Antwerp,1530,19,7.333676395657684
500.60574645124643,342,2020-12-10T22:03:19Z,1337155964814942210,Leicester,AEK Athens,Leicester (1.82) 2-0 (0.24) AEK Athens,280,1,5.638354669333745
834.0490161548879,343,2020-12-11T22:09:00Z,1337519782535585795,Leeds,West Ham,Leeds (1.81) 1-2 (2.28) West Ham,1318,17,7.1846291527173145
777.3041349830156,344,2020-12-12T14:28:19Z,1337766234125987847,Wolves,Aston Villa,Wolves (1.27) 0-1 (1.33) Aston Villa,877,7,6.777646593635117
3209.4588792208297,345,2020-12-12T16:34:13Z,1337797920461099010,Dortmund,Stuttgart,Dortmund (0.90) 1-5 (3.26) Stuttgart,3675,77,8.209580483475577
596.4183982331483,346,2020-12-12T17:14:43Z,1337808110631743489,Newcastle,West Brom,Newcastle (1.14) 2-1 (0.77) West Brom,293,3,5.683579767338681
1372.5369212148398,347,2020-12-12T19:21:06Z,1337839916802322437,Man United,Man City,Man Utd (0.68) 0-0 (1.43) Man City,1411,39,7.252762418053187
942.6985528902037,348,2020-12-12T19:29:58Z,1337842148981551107,Union Berlin,Bayern Munich,Union Berlin (1.23) 1-1 (1.21) Bayern,825,10,6.716594773520978
1699.1719444635214,349,2020-12-12T21:55:05Z,1337878668257931266,Everton,Chelsea,Everton (1.34) 1-0 (1.09) Chelsea,1295,25,7.16703787691222
1211.7896051607115,350,2020-12-13T11:45:51Z,1338087734662078466,Real Madrid,Atletico,Real Madrid (0.76) 2-0 (0.91) Atletico,1348,34,7.207118856207756
1096.6329052654937,351,2020-12-13T14:07:04Z,1338123275113799680,Southampton,Sheffield Utd,Southampton (2.28) 3-0 (0.25) Sheffield Utd,968,12,6.876264611890766
1512.4078420535423,352,2020-12-13T16:09:05Z,1338153980543848452,C Palace,Tottenham,C Palace (1.97) 1-1 (1.44) Tottenham,2781,86,7.930925372483388
3480.830679656096,353,2020-12-13T18:25:27Z,1338188297886179329,Fulham,Liverpool,Fulham (1.78) 1-1 (1.78) Liverpool,5289,105,8.573573524852344
1724.3530735334784,354,2020-12-13T21:08:38Z,1338229363490349058,Arsenal,Burnley,Arsenal (2.06) 0-1 (1.30) Burnley,3029,101,8.016317898503415
644.5223743129956,355,2020-12-13T21:09:22Z,1338229548257832960,Leicester,Brighton,Leicester (1.82) 3-0 (0.94) Brighton,286,5,5.659482215759621
565.0193653876761,356,2020-12-13T21:59:55Z,1338242272182349825,Barcelona,Levante,Barcelona (2.91) 1-0 (1.15) Levante,410,6,6.018593214496234
1510.8650215774119,357,2020-12-13T22:02:36Z,1338242946731225092,PSG,Lyon,PSG (0.27) 0-1 (0.88) Lyon,1094,35,6.9985096422506015
1944.9756562873679,358,2020-12-15T20:00:55Z,1338937099819618306,Wolves,Chelsea,Wolves (0.65) 2-1 (1.77) Chelsea,3857,104,8.257904193465674
2043.7253200012774,359,2020-12-15T21:55:32Z,1338965944559951879,Man City,West Brom,Man City (2.98) 1-1 (0.35) West Brom,3311,106,8.10530751550515
2120.921011840415,360,2020-12-15T22:06:49Z,1338968784883904523,Raheem Sterling,West Brom,Raheem Sterling (1.04) 0-1 (0.35) West Brom,4877,127,8.492490578775866
745.2234181385669,361,2020-12-16T19:42:29Z,1339294846733922304,Juventus,Atalanta,Juventus (3.03) 1-1 (1.18) Atalanta,351,15,5.863631175598097
1071.8880030049665,362,2020-12-16T19:52:46Z,1339297435869437956,Arsenal,Southampton,Arsenal (0.65) 1-1 (1.12) Southampton,919,14,6.824373670043086
767.1659384136759,363,2020-12-16T19:54:04Z,1339297764283478016,Leeds,Newcastle,Leeds (2.97) 5-2 (1.80) Newcastle,595,10,6.39024066706535
507.9582985758549,364,2020-12-16T19:54:43Z,1339297927160795145,Leicester,Everton,Leicester (0.93) 0-2 (1.82) Everton,350,6,5.860786223465865
2734.5616873145373,365,2020-12-16T21:51:11Z,1339327236978208771,Liverpool,Tottenham,Liverpool (1.29) 2-1 (1.65) Spurs,4624,253,8.439231649946526
1471.3068048863624,366,2020-12-17T20:34:51Z,1339670415942270976,Aston Villa,Burnley,Aston Villa (2.32) 0-0 (0.31) Burnley,2105,43,7.652545692693921
1888.0510989084419,367,2020-12-17T21:53:36Z,1339690231654731777,Sheffield Utd,Man United,Sheffield Utd (1.78) 2-3 (2.10) Man Utd,1222,16,7.109062135687172
3485.98796179733,368,2020-12-19T14:19:16Z,1340300671158013953,C Palace,Liverpool,C Palace (0.46) 0-7 (2.72) Liverpool,5641,260,8.637993891561942
1605.6752248390114,369,2020-12-19T16:59:56Z,1340341103938121729,Southampton,Man City,Southampton (0.95) 0-1 (1.07) Man City,919,14,6.824373670043086
818.0550850336354,370,2020-12-19T17:21:45Z,1340346594709934082,Barcelona,Valencia,Barcelona (2.70) 2-2 (2.18) Valencia,472,10,6.159095388491933
2319.6637356429414,371,2020-12-19T19:24:41Z,1340377533234229251,Everton,Arsenal,Everton (0.74) 2-1 (1.53) Arsenal,3101,138,8.039802343736485
878.5524717339579,372,2020-12-19T22:14:02Z,1340420151414538244,Newcastle,Fulham,Newcastle (1.42) 1-1 (1.45) Fulham,535,7,6.284134161070802
4838.652307273369,373,2020-12-20T13:56:19Z,1340657284293267456,Brighton,Sheffield Utd,Brighton (3.35) 1-1 (0.92) Sheffield Utd,5851,194,8.674538762140015
1129.109520756668,374,2020-12-20T16:11:54Z,1340691405191180288,Tottenham,Leicester,Spurs (0.89) 0-2 (1.57) Leicester,1325,40,7.189922170745808
5348.267365722695,375,2020-12-20T18:24:01Z,1340724655208980487,Man United,Leeds,Man Utd (4.50) 6-2 (2.33) Leeds,7597,398,8.935640333747571
3971.4411258808027,376,2020-12-20T21:17:00Z,1340768188217356290,West Brom,Aston Villa,West Brom (0.02) 0-3 (2.86) Aston Villa,6088,195,8.714239143608575
2293.1719048269624,377,2020-12-21T21:55:45Z,1341140327370022912,Chelsea,West Ham,Chelsea (2.42) 3-0 (0.68) West Ham,2847,63,7.954372272531867
2971.2729241321504,378,2020-12-26T14:21:02Z,1342837830721150976,Leicester,Man United,Leicester (0.82) 2-2 (2.05) Man Utd,5445,237,8.602636673233706
3757.5647570083756,379,2020-12-26T16:59:59Z,1342877830972121093,Aston Villa,C Palace,Aston Villa (5.04) 3-0 (1.07) C Palace,6975,324,8.850230965588816
3709.966175599385,380,2020-12-26T19:23:03Z,1342913838782492688,Arsenal,Chelsea,Arsenal (2.09) 3-1 (2.42) Chelsea,5486,228,8.610136937058975
1840.544936931329,381,2020-12-26T21:51:43Z,1342951250850156545,Man City,Newcastle,Man City (3.18) 2-0 (0.34) Newcastle,1057,33,6.964135612418245
1823.862968806967,382,2020-12-26T21:52:49Z,1342951527175122953,Sheffield Utd,Everton,Sheffield Utd (1.20) 0-1 (0.63) Everton,1156,26,7.053585727193677
1593.0777219361269,383,2020-12-27T13:49:57Z,1343192395375063040,Leeds,Burnley,Leeds (2.28) 1-0 (1.35) Burnley,1291,48,7.163946684342547
838.5053769745336,384,2020-12-27T16:06:05Z,1343226657218441216,West Ham,Brighton,West Ham (1.60) 2-2 (1.63) Brighton,1105,19,7.00850518208228
1926.412770835756,385,2020-12-27T18:22:07Z,1343260890636947456,Liverpool,West Brom,Liverpool (1.76) 1-1 (0.76) West Brom,2159,48,7.67786350067821
2762.927512554124,386,2020-12-27T21:10:14Z,1343303196249354246,Wolves,Tottenham,Wolves (1.07) 1-1 (0.38) Tottenham,4197,164,8.3423635003805785
893.6755202631119,387,2020-12-28T16:52:13Z,1343600655718612992,C Palace,Leicester,C Palace (0.45) 1-1 (1.96) Leicester,771,19,6.648984550024776
1351.3344144793537,388,2020-12-28T16:52:59Z,1343600846651666432,C Palace,Iheanacho,C Palace (0.45) 1-0 (1.19) Iheanacho,836,33,6.729824070489475
1368.0649902699106,389,2020-12-28T19:24:30Z,1343638976410902528,Chelsea,Aston Villa,Chelsea (1.24) 1-1 (1.08) Aston Villa,1398,46,7.243512974665482
1854.8538371163825,390,2020-12-29T19:50:46Z,1344007976995205122,West Brom,Leeds,West Brom (0.70) 0-5 (1.34) Leeds,2183,65,7.688913336864796
1882.9308691448296,391,2020-12-29T19:51:55Z,1344008263923339265,Brighton,Arsenal,Brighton (0.89) 0-1 (1.36) Arsenal,2289,68,7.736307096548285
998.4852443276351,392,2020-12-29T20:00:57Z,1344010537315803137,Southampton,West Ham,Southampton (0.67) 0-0 (1.33) West Ham,413,14,6.025865973825314
1115.5450322101365,393,2020-12-29T20:48:44Z,1344022564130140162,Barcelona,Eibar,Barcelona (2.52) 1-1 (0.78) Eibar,865,32,6.763884908562435
2835.092313996412,394,2020-12-29T21:55:33Z,1344039377664663554,Man United,Wolves,Man Utd (1.34) 1-0 (0.44) Wolves,4222,165,8.348301054933943
1437.5293842672231,395,2020-12-30T21:52:13Z,1344400925415403529,Newcastle,Liverpool,Newcastle (0.80) 0-0 (1.67) Liverpool,899,24,6.802394763324311
1640.7314988258252,396,2020-12-30T21:52:45Z,1344401059771510790,Newcastle,Mo Salah,Newcastle (0.80) 0-0 (1.04) Mo Salah,6489,225,8.778017809698136
870.7307757064342,397,2020-12-30T22:22:52Z,1344408642582441984,Elche,Real Madrid,Elche (1.06) 1-1 (1.69) Real Madrid,401,10,5.996452088619021
1338.6662063511465,398,2021-01-01T19:24:02Z,1345088410067881985,Everton,West Ham,Everton (0.45) 0-1 (1.47) West Ham,1626,56,7.394493107219038
2441.438398524414,399,2021-01-01T21:58:58Z,1345127400397529090,Man United,Aston Villa,Man Utd (2.48) 2-1 (1.97) Aston Villa,4965,168,8.510369966068112
2100.787999378996,400,2021-01-02T14:20:40Z,1345374454671699969,Tottenham,Leeds,Tottenham (2.66) 3-0 (1.32) Leeds,1845,54,7.520776415062797
1159.4796032721706,401,2021-01-02T16:58:28Z,1345414166304223234,C Palace,Sheffield Utd,C Palace (0.60) 2-0 (0.34) Sheffield Utd,904,15,6.807934943699926
2879.0043536369617,402,2021-01-02T19:24:55Z,1345451022043521024,Brighton,Wolves,Brighton (2.70) 3-3 (2.04) Wolves,2093,44,7.646831391430482
4220.0828973739945,403,2021-01-02T21:52:26Z,1345488144767078400,West Brom,Arsenal,West Brom (0.85) 0-4 (4.15) Arsenal,8199,485,9.011889433252344
2546.075095002065,404,2021-01-02T21:54:26Z,1345488649660608520,West Brom,Lacazette,West Brom (0.85) 0-2 (2.08) Lacazette,2282,117,7.733245646529795
2144.418947986729,405,2021-01-03T14:15:05Z,1345735436413640704,Inter Milan,Crotone,Inter Milan (2.63) 6-2 (2.17) Crotone,1311,38,7.179307969504034
740.3372559286195,406,2021-01-03T16:11:02Z,1345764617692340226,Newcastle,Leicester,Newcastle (0.76) 1-2 (1.00) Leicester,523,5,6.261491684321042
3029.6457378528016,407,2021-01-03T18:23:05Z,1345797849498456066,Chelsea,Man City,Chelsea (1.04) 1-3 (3.29) Man City,1499,49,7.313220387090301
2065.243909284142,408,2021-01-03T21:50:04Z,1345849938685657091,Huesca,Barcelona,Huesca (0.47) 0-1 (3.52) Barcelona,1078,34,6.983789965258135
2698.8445550987058,409,2021-01-04T21:54:24Z,1346213417208655872,Southampton,Liverpool,Southampton (0.31) 1-0 (1.44) Liverpool,3799,117,8.242756345714477
1176.548904142087,410,2021-01-05T21:39:00Z,1346571927536734208,Tottenham,Brentford,Tottenham (1.57) 2-0 (0.59) Brentford,716,9,6.57507584059962
2250.736892245091,411,2021-01-06T19:56:21Z,1346908483891965953,Napoli,Spezia,Napoli (4.10) 1-2 (1.94) Spezia,3975,134,8.288031567776464
1153.5104218215658,412,2021-01-06T20:03:24Z,1346910258023727106,Lorenzo Insigne,Spezia,Lorenzo Insigne (1.82) 0-2 (1.94) Spezia,866,18,6.7650389767805414
1305.0470583889257,413,2021-01-06T21:37:58Z,1346934054508138501,Man United,Man City,Man Utd (0.86) 0-2 (1.45) Man City,956,33,6.863803391452954
2399.79800063397,414,2021-01-09T16:27:30Z,1347943087537086467,Schalke,Hoffenheim,Schalke (1.93) 4-0 (2.04) Hoffenheim,4067,111,8.31090675716845
1775.8668360104134,415,2021-01-09T21:57:19Z,1348026090774818819,Osasuna,Real Madrid,Osasuna (0.70) 0-0 (0.36) Real Madrid,2003,165,7.602900462204755
1147.433936648237,416,2021-01-12T19:55:12Z,1349082521686994948,Sheffield Utd,Newcastle,Sheffield Utd (2.21) 1-0 (1.34) Newcastle,1504,30,7.316548177182976
1687.423450128855,417,2021-01-12T22:08:33Z,1349116080179060738,Wolves,Everton,Wolves (1.25) 1-2 (0.28) Everton,3471,136,8.15248607578024
1306.2520545280202,418,2021-01-12T22:14:27Z,1349117565814112256,Burnley,Man United,Burnley (0.69) 0-1 (1.55) Man Utd,1446,26,7.277247726631484
1375.6974273977314,419,2021-01-13T19:52:00Z,1349444102870470656,Man City,Brighton,Man City (2.60) 1-0 (0.26) Brighton,1703,44,7.440733707389261
2855.912122418931,420,2021-01-13T22:06:55Z,1349478055467753481,Tottenham,Fulham,Spurs (3.27) 1-1 (0.99) Fulham,3797,145,8.242229891372231
2371.1581313749102,421,2021-01-13T22:10:18Z,1349478907603521539,Son,Fulham,Son (1.45) 0-1 (0.99) Fulham,3179,118,8.064636475774222
2725.5837979996118,422,2021-01-14T21:51:06Z,1349836465224691713,Arsenal,C Palace,Arsenal (0.62) 0-0 (0.77) C Palace,2711,104,7.905441649060286
2395.9317279526576,423,2021-01-16T14:22:10Z,1350448263196008449,Wolves,West Brom,Wolves (2.34) 2-3 (2.59) West Brom,1757,38,7.471932078245122
1150.4102462470782,424,2021-01-16T16:51:27Z,1350485830205382657,Leeds,Brighton,Leeds (0.21) 0-1 (1.18) Brighton,1299,43,7.170119543449628
1564.7946219775586,425,2021-01-16T19:26:08Z,1350524758237052928,Fulham,Chelsea,Fulham (0.84) 0-1 (1.44) Chelsea,695,22,6.54534966033442
1406.4469939444666,426,2021-01-16T21:55:26Z,1350562330464157702,Leicester,Southampton,Leicester (2.57) 2-0 (0.51) Southampton,995,16,6.903747257584598
1520.858767851478,427,2021-01-17T15:52:34Z,1350833398819016707,Sheffield Utd,Tottenham,Sheffield Utd (1.08) 1-3 (1.22) Spurs,1167,18,7.0630481633881725
2077.962226881796,428,2021-01-17T18:22:27Z,1350871119784538114,Liverpool,Man United,Liverpool (1.56) 0-0 (1.23) Man Utd,3084,145,8.034306936339489
2690.7282228526615,429,2021-01-17T21:04:18Z,1350911848628023296,Man City,C Palace,Man City (1.30) 4-0 (0.05) C Palace,2776,80,7.9291264873067995
2553.8332227318424,430,2021-01-17T21:06:11Z,1350912326061453314,John Stones,C Palace,John Stones (0.74) 2-0 (0.05) C Palace,1674,88,7.423568444259167
2565.000795351004,431,2021-01-18T21:49:48Z,1351285690416451586,Arsenal,Newcastle,Arsenal (2.58) 3-0 (0.16) Newcastle,3784,129,8.23880116587155
